,Average Error,Error LB,Error UB,Abs. Worst,,Average Error,Error LB,Error UB,Abs. Worst,,diff avg,diff error lb,diff error ub,diff abs worst
0 hermite_formula_-10000000000000000.0000000_10000000000000000.000000,0,0,0,0,,0,0,0,0,,0,0,0,0
10 hermite_formula_-10000000000000000.0000000_10000000000000000.000000,0,0,0,0,,0,0,0,0,,0,0,0,0
13 hermite_formula_-10000000000000000.0000000_10000000000000000.000000,0,0,0,0,,0,0,0,0,,0,0,0,0
15 hermite_formula_-10000000000000000.0000000_10000000000000000.000000,0,0,0,0,,0,0,0,0,,0,0,0,0
16 hermite_formula_-10000000000000000.0000000_10000000000000000.000000,0,0,0,0,,0,0,0,0,,0,0,0,0
17 hermite_formula_-10000000000000000.0000000_10000000000000000.000000,0,0,0,0,,0,0,0,0,,0,0,0,0
1 hermite_formula_-10000000000000000.0000000_10000000000000000.000000,0,0,0,0,,0,0,0,0,,0,0,0,0
2 hermite_formula_-10000000000000000.0000000_10000000000000000.000000,0,0,0,0,,0,0,0,0,,0,0,0,0
3 hermite_formula_-10000000000000000.0000000_10000000000000000.000000,0,0,0,0,,0,0,0,0,,0,0,0,0
4 hermite_formula_-10000000000000000.0000000_10000000000000000.000000,0,0,0,0,,0,0,0,0,,0,0,0,0
5 hermite_formula_-10000000000000000.0000000_10000000000000000.000000,0,0,0,0,,0,0,0,0,,0,0,0,0
6 hermite_formula_-10000000000000000.0000000_10000000000000000.000000,0,0,0,0,,0,0,0,0,,0,0,0,0
8 hermite_formula_-10000000000000000.0000000_10000000000000000.000000,0,0,0,0,,0,0,0,0,,0,0,0,0
,Average Error,Error LB,Error UB,Abs. Worst,,Average Error,Error LB,Error UB,Abs. Worst,,#VALUE!,#VALUE!,#VALUE!,#VALUE!
0 hermite_formula_-1000000000000000.0000000_1000000000000000.000000,0,0,0,0,,0,0,0,0,,0,0,0,0
10 hermite_formula_-1000000000000000.0000000_1000000000000000.000000,0,0,0,0,,0,0,0,0,,0,0,0,0
12 hermite_formula_-1000000000000000.0000000_1000000000000000.000000,0,0,0,0,,0,0,0,0,,0,0,0,0
13 hermite_formula_-1000000000000000.0000000_1000000000000000.000000,0,0,0,0,,0,0,0,0,,0,0,0,0
14 hermite_formula_-1000000000000000.0000000_1000000000000000.000000,0,0,0,0,,0,0,0,0,,0,0,0,0
15 hermite_formula_-1000000000000000.0000000_1000000000000000.000000,0,0,0,0,,0,0,0,0,,0,0,0,0
16 hermite_formula_-1000000000000000.0000000_1000000000000000.000000,0,0,0,0,,0,0,0,0,,0,0,0,0
17 hermite_formula_-1000000000000000.0000000_1000000000000000.000000,0,0,0,0,,0,0,0,0,,0,0,0,0
1 hermite_formula_-1000000000000000.0000000_1000000000000000.000000,0,0,0,0,,0,0,0,0,,0,0,0,0
2 hermite_formula_-1000000000000000.0000000_1000000000000000.000000,0,0,0,0,,0,0,0,0,,0,0,0,0
3 hermite_formula_-1000000000000000.0000000_1000000000000000.000000,0,0,0,0,,0,0,0,0,,0,0,0,0
4 hermite_formula_-1000000000000000.0000000_1000000000000000.000000,0,0,0,0,,0,0,0,0,,0,0,0,0
5 hermite_formula_-1000000000000000.0000000_1000000000000000.000000,0,0,0,0,,0,0,0,0,,0,0,0,0
6 hermite_formula_-1000000000000000.0000000_1000000000000000.000000,0,0,0,0,,0,0,0,0,,0,0,0,0
8 hermite_formula_-1000000000000000.0000000_1000000000000000.000000,0,0,0,0,,0,0,0,0,,0,0,0,0
9 hermite_formula_-1000000000000000.0000000_1000000000000000.000000,0.000000029,-0.000000029,-0.000000029,0.000000029,,0.000000029,-0.000000029,-0.000000029,0.000000029,,0,0,0,0
,Average Error,Error LB,Error UB,Abs. Worst,,Average Error,Error LB,Error UB,Abs. Worst,,#VALUE!,#VALUE!,#VALUE!,#VALUE!
0 hermite_formula_-100000000000000.0000000_100000000000000.000000,0,0,0,0,,0,0,0,0,,0,0,0,0
11 hermite_formula_-100000000000000.0000000_100000000000000.000000,0,0,0,0,,0,0,0,0,,0,0,0,0
12 hermite_formula_-100000000000000.0000000_100000000000000.000000,0,0,0,0,,0,0,0,0,,0,0,0,0
14 hermite_formula_-100000000000000.0000000_100000000000000.000000,0,0,0,0,,0,0,0,0,,0,0,0,0
1 hermite_formula_-100000000000000.0000000_100000000000000.000000,0,0,0,0,,0,0,0,0,,0,0,0,0
3 hermite_formula_-100000000000000.0000000_100000000000000.000000,0,0,0,0,,0,0,0,0,,0,0,0,0
4 hermite_formula_-100000000000000.0000000_100000000000000.000000,0,0,0,0,,0,0,0,0,,0,0,0,0
5 hermite_formula_-100000000000000.0000000_100000000000000.000000,0,0,0,0,,0,0,0,0,,0,0,0,0
6 hermite_formula_-100000000000000.0000000_100000000000000.000000,0,0,0,0,,0,0,0,0,,0,0,0,0
8 hermite_formula_-100000000000000.0000000_100000000000000.000000,0,0,0,0,,0,0,0,0,,0,0,0,0
,Average Error,Error LB,Error UB,Abs. Worst,,Average Error,Error LB,Error UB,Abs. Worst,,#VALUE!,#VALUE!,#VALUE!,#VALUE!
0 hermite_formula_-10000000000000.0000000_10000000000000.000000,0,0,0,0,,0,0,0,0,,0,0,0,0
10 hermite_formula_-10000000000000.0000000_10000000000000.000000,0,0,0,0,,0,0,0,0,,0,0,0,0
11 hermite_formula_-10000000000000.0000000_10000000000000.000000,0,0,0,0,,0,0,0,0,,0,0,0,0
12 hermite_formula_-10000000000000.0000000_10000000000000.000000,0,0,0,0,,0,0,0,0,,0,0,0,0
13 hermite_formula_-10000000000000.0000000_10000000000000.000000,0,0,0,0,,0,0,0,0,,0,0,0,0
14 hermite_formula_-10000000000000.0000000_10000000000000.000000,0,0,0,0,,0,0,0,0,,0,0,0,0
15 hermite_formula_-10000000000000.0000000_10000000000000.000000,0,0,0,0,,0,0,0,0,,0,0,0,0
16 hermite_formula_-10000000000000.0000000_10000000000000.000000,0,0,0,0,,0,0,0,0,,0,0,0,0
17 hermite_formula_-10000000000000.0000000_10000000000000.000000,0,0,0,0,,0,0,0,0,,0,0,0,0
1 hermite_formula_-10000000000000.0000000_10000000000000.000000,0,0,0,0,,0,0,0,0,,0,0,0,0
2 hermite_formula_-10000000000000.0000000_10000000000000.000000,0,0,0,0,,0,0,0,0,,0,0,0,0
3 hermite_formula_-10000000000000.0000000_10000000000000.000000,0,0,0,0,,0,0,0,0,,0,0,0,0
4 hermite_formula_-10000000000000.0000000_10000000000000.000000,0,0,0,0,,0,0,0,0,,0,0,0,0
5 hermite_formula_-10000000000000.0000000_10000000000000.000000,0,0,0,0,,0,0,0,0,,0,0,0,0
6 hermite_formula_-10000000000000.0000000_10000000000000.000000,0,0,0,0,,0,0,0,0,,0,0,0,0
8 hermite_formula_-10000000000000.0000000_10000000000000.000000,0,0,0,0,,0,0,0,0,,0,0,0,0
9 hermite_formula_-10000000000000.0000000_10000000000000.000000,0.000000029,-0.000000029,-0.000000029,0.000000029,,0.000000029,-0.000000029,-0.000000029,0.000000029,,0,0,0,0
,Average Error,Error LB,Error UB,Abs. Worst,,Average Error,Error LB,Error UB,Abs. Worst,,#VALUE!,#VALUE!,#VALUE!,#VALUE!
0 hermite_formula_-1000000000000.0000000_1000000000000.000000,0,0,0,0,,0,0,0,0,,0,0,0,0
10 hermite_formula_-1000000000000.0000000_1000000000000.000000,0,0,0,0,,0,0,0,0,,0,0,0,0
11 hermite_formula_-1000000000000.0000000_1000000000000.000000,0,0,0,0,,0,0,0,0,,0,0,0,0
12 hermite_formula_-1000000000000.0000000_1000000000000.000000,0,0,0,0,,0,0,0,0,,0,0,0,0
13 hermite_formula_-1000000000000.0000000_1000000000000.000000,0,0,0,0,,0,0,0,0,,0,0,0,0
14 hermite_formula_-1000000000000.0000000_1000000000000.000000,0,0,0,0,,0,0,0,0,,0,0,0,0
16 hermite_formula_-1000000000000.0000000_1000000000000.000000,0,0,0,0,,0,0,0,0,,0,0,0,0
17 hermite_formula_-1000000000000.0000000_1000000000000.000000,0,0,0,0,,0,0,0,0,,0,0,0,0
2 hermite_formula_-1000000000000.0000000_1000000000000.000000,0,0,0,0,,0,0,0,0,,0,0,0,0
3 hermite_formula_-1000000000000.0000000_1000000000000.000000,0,0,0,0,,0,0,0,0,,0,0,0,0
4 hermite_formula_-1000000000000.0000000_1000000000000.000000,0,0,0,0,,0,0,0,0,,0,0,0,0
5 hermite_formula_-1000000000000.0000000_1000000000000.000000,0,0,0,0,,0,0,0,0,,0,0,0,0
6 hermite_formula_-1000000000000.0000000_1000000000000.000000,0,0,0,0,,0,0,0,0,,0,0,0,0
8 hermite_formula_-1000000000000.0000000_1000000000000.000000,0,0,0,0,,0,0,0,0,,0,0,0,0
9 hermite_formula_-1000000000000.0000000_1000000000000.000000,0.000000029,-0.000000029,-0.000000029,0.000000029,,0.000000029,-0.000000029,-0.000000029,0.000000029,,0,0,0,0
,Average Error,Error LB,Error UB,Abs. Worst,,Average Error,Error LB,Error UB,Abs. Worst,,#VALUE!,#VALUE!,#VALUE!,#VALUE!
0 hermite_formula_-100000000000.0000000_100000000000.000000,0,0,0,0,,0,0,0,0,,0,0,0,0
10 hermite_formula_-100000000000.0000000_100000000000.000000,0,0,0,0,,0,0,0,0,,0,0,0,0
11 hermite_formula_-100000000000.0000000_100000000000.000000,0,0,0,0,,0,0,0,0,,0,0,0,0
12 hermite_formula_-100000000000.0000000_100000000000.000000,0,0,0,0,,0,0,0,0,,0,0,0,0
13 hermite_formula_-100000000000.0000000_100000000000.000000,0,0,0,0,,0,0,0,0,,0,0,0,0
14 hermite_formula_-100000000000.0000000_100000000000.000000,0,0,0,0,,0,0,0,0,,0,0,0,0
16 hermite_formula_-100000000000.0000000_100000000000.000000,0,0,0,0,,0,0,0,0,,0,0,0,0
17 hermite_formula_-100000000000.0000000_100000000000.000000,0,0,0,0,,0,0,0,0,,0,0,0,0
1 hermite_formula_-100000000000.0000000_100000000000.000000,0,0,0,0,,0,0,0,0,,0,0,0,0
2 hermite_formula_-100000000000.0000000_100000000000.000000,0,0,0,0,,0,0,0,0,,0,0,0,0
3 hermite_formula_-100000000000.0000000_100000000000.000000,0,0,0,0,,0,0,0,0,,0,0,0,0
4 hermite_formula_-100000000000.0000000_100000000000.000000,0,0,0,0,,0,0,0,0,,0,0,0,0
5 hermite_formula_-100000000000.0000000_100000000000.000000,0,0,0,0,,0,0,0,0,,0,0,0,0
8 hermite_formula_-100000000000.0000000_100000000000.000000,0,0,0,0,,0,0,0,0,,0,0,0,0
9 hermite_formula_-100000000000.0000000_100000000000.000000,0.000000029,-0.000000029,-0.000000029,0.000000029,,0.000000029,-0.000000029,-0.000000029,0.000000029,,0,0,0,0
,Average Error,Error LB,Error UB,Abs. Worst,,Average Error,Error LB,Error UB,Abs. Worst,,#VALUE!,#VALUE!,#VALUE!,#VALUE!
0 hermite_formula_-10000000000.0000000_10000000000.000000,0,0,0,0,,0,0,0,0,,0,0,0,0
10 hermite_formula_-10000000000.0000000_10000000000.000000,0,0,0,0,,0,0,0,0,,0,0,0,0
12 hermite_formula_-10000000000.0000000_10000000000.000000,0,0,0,0,,0,0,0,0,,0,0,0,0
14 hermite_formula_-10000000000.0000000_10000000000.000000,0,0,0,0,,0,0,0,0,,0,0,0,0
15 hermite_formula_-10000000000.0000000_10000000000.000000,0,0,0,0,,0,0,0,0,,0,0,0,0
16 hermite_formula_-10000000000.0000000_10000000000.000000,0,0,0,0,,0,0,0,0,,0,0,0,0
1 hermite_formula_-10000000000.0000000_10000000000.000000,0,0,0,0,,0,0,0,0,,0,0,0,0
3 hermite_formula_-10000000000.0000000_10000000000.000000,0,0,0,0,,0,0,0,0,,0,0,0,0
5 hermite_formula_-10000000000.0000000_10000000000.000000,0,0,0,0,,0,0,0,0,,0,0,0,0
8 hermite_formula_-10000000000.0000000_10000000000.000000,0,0,0,0,,0,0,0,0,,0,0,0,0
,Average Error,Error LB,Error UB,Abs. Worst,,Average Error,Error LB,Error UB,Abs. Worst,,#VALUE!,#VALUE!,#VALUE!,#VALUE!
0 hermite_formula_-1000000000.0000000_1000000000.000000,0,0,0,0,,0,0,0,0,,0,0,0,0
11 hermite_formula_-1000000000.0000000_1000000000.000000,0,0,0,0,,0,0,0,0,,0,0,0,0
12 hermite_formula_-1000000000.0000000_1000000000.000000,0,0,0,0,,0,0,0,0,,0,0,0,0
13 hermite_formula_-1000000000.0000000_1000000000.000000,0,0,0,0,,0,0,0,0,,0,0,0,0
15 hermite_formula_-1000000000.0000000_1000000000.000000,0,0,0,0,,0,0,0,0,,0,0,0,0
16 hermite_formula_-1000000000.0000000_1000000000.000000,0,0,0,0,,0,0,0,0,,0,0,0,0
17 hermite_formula_-1000000000.0000000_1000000000.000000,0,0,0,0,,0,0,0,0,,0,0,0,0
1 hermite_formula_-1000000000.0000000_1000000000.000000,0,0,0,0,,0,0,0,0,,0,0,0,0
2 hermite_formula_-1000000000.0000000_1000000000.000000,0,0,0,0,,0,0,0,0,,0,0,0,0
3 hermite_formula_-1000000000.0000000_1000000000.000000,0,0,0,0,,0,0,0,0,,0,0,0,0
4 hermite_formula_-1000000000.0000000_1000000000.000000,0,0,0,0,,0,0,0,0,,0,0,0,0
5 hermite_formula_-1000000000.0000000_1000000000.000000,0,0,0,0,,0,0,0,0,,0,0,0,0
6 hermite_formula_-1000000000.0000000_1000000000.000000,0,0,0,0,,0,0,0,0,,0,0,0,0
8 hermite_formula_-1000000000.0000000_1000000000.000000,0,0,0,0,,0,0,0,0,,0,0,0,0
9 hermite_formula_-1000000000.0000000_1000000000.000000,0.000000029,-0.000000029,-0.000000029,0.000000029,,0.000000029,-0.000000029,-0.000000029,0.000000029,,0,0,0,0
,Average Error,Error LB,Error UB,Abs. Worst,,Average Error,Error LB,Error UB,Abs. Worst,,#VALUE!,#VALUE!,#VALUE!,#VALUE!
0 hermite_formula_-10000000.0000000_100000000.000000,0,0,0,0,,0,0,0,0,,0,0,0,0
10 hermite_formula_-10000000.0000000_100000000.000000,0,0,0,0,,0,0,0,0,,0,0,0,0
13 hermite_formula_-10000000.0000000_100000000.000000,0,0,0,0,,0,0,0,0,,0,0,0,0
14 hermite_formula_-10000000.0000000_100000000.000000,0,0,0,0,,0,0,0,0,,0,0,0,0
15 hermite_formula_-10000000.0000000_100000000.000000,0,0,0,0,,0,0,0,0,,0,0,0,0
17 hermite_formula_-10000000.0000000_100000000.000000,0,0,0,0,,0,0,0,0,,0,0,0,0
2 hermite_formula_-10000000.0000000_100000000.000000,0,0,0,0,,0,0,0,0,,0,0,0,0
3 hermite_formula_-10000000.0000000_100000000.000000,0,0,0,0,,0,0,0,0,,0,0,0,0
4 hermite_formula_-10000000.0000000_100000000.000000,0,0,0,0,,0,0,0,0,,0,0,0,0
5 hermite_formula_-10000000.0000000_100000000.000000,0,0,0,0,,0,0,0,0,,0,0,0,0
8 hermite_formula_-10000000.0000000_100000000.000000,0,0,0,0,,0,0,0,0,,0,0,0,0
,Average Error,Error LB,Error UB,Abs. Worst,,Average Error,Error LB,Error UB,Abs. Worst,,#VALUE!,#VALUE!,#VALUE!,#VALUE!
0 hermite_formula_-1000000.0000000_10000000.000000,0,0,0,0,,0,0,0,0,,0,0,0,0
10 hermite_formula_-1000000.0000000_10000000.000000,0,0,0,0,,0,0,0,0,,0,0,0,0
11 hermite_formula_-1000000.0000000_10000000.000000,0,0,0,0,,0,0,0,0,,0,0,0,0
13 hermite_formula_-1000000.0000000_10000000.000000,0,0,0,0,,0,0,0,0,,0,0,0,0
14 hermite_formula_-1000000.0000000_10000000.000000,0,0,0,0,,0,0,0,0,,0,0,0,0
15 hermite_formula_-1000000.0000000_10000000.000000,0,0,0,0,,0,0,0,0,,0,0,0,0
16 hermite_formula_-1000000.0000000_10000000.000000,0,0,0,0,,0,0,0,0,,0,0,0,0
17 hermite_formula_-1000000.0000000_10000000.000000,0,0,0,0,,0,0,0,0,,0,0,0,0
1 hermite_formula_-1000000.0000000_10000000.000000,0,0,0,0,,0,0,0,0,,0,0,0,0
2 hermite_formula_-1000000.0000000_10000000.000000,0,0,0,0,,0,0,0,0,,0,0,0,0
3 hermite_formula_-1000000.0000000_10000000.000000,0,0,0,0,,0,0,0,0,,0,0,0,0
4 hermite_formula_-1000000.0000000_10000000.000000,0,0,0,0,,0,0,0,0,,0,0,0,0
5 hermite_formula_-1000000.0000000_10000000.000000,0,0,0,0,,0,0,0,0,,0,0,0,0
6 hermite_formula_-1000000.0000000_10000000.000000,0,0,0,0,,0,0,0,0,,0,0,0,0
8 hermite_formula_-1000000.0000000_10000000.000000,0,0,0,0,,0,0,0,0,,0,0,0,0
,Average Error,Error LB,Error UB,Abs. Worst,,Average Error,Error LB,Error UB,Abs. Worst,,#VALUE!,#VALUE!,#VALUE!,#VALUE!
0 hermite_formula_-100000.0000000_1000000.000000,0,0,0,0,,0,0,0,0,,0,0,0,0
10 hermite_formula_-100000.0000000_1000000.000000,0,0,0,0,,0,0,0,0,,0,0,0,0
12 hermite_formula_-100000.0000000_1000000.000000,0,0,0,0,,0,0,0,0,,0,0,0,0
14 hermite_formula_-100000.0000000_1000000.000000,0,0,0,0,,0,0,0,0,,0,0,0,0
17 hermite_formula_-100000.0000000_1000000.000000,0,0,0,0,,0,0,0,0,,0,0,0,0
1 hermite_formula_-100000.0000000_1000000.000000,0,0,0,0,,0,0,0,0,,0,0,0,0
2 hermite_formula_-100000.0000000_1000000.000000,0,0,0,0,,0,0,0,0,,0,0,0,0
3 hermite_formula_-100000.0000000_1000000.000000,0,0,0,0,,0,0,0,0,,0,0,0,0
4 hermite_formula_-100000.0000000_1000000.000000,0,0,0,0,,0,0,0,0,,0,0,0,0
5 hermite_formula_-100000.0000000_1000000.000000,0,0,0,0,,0,0,0,0,,0,0,0,0
6 hermite_formula_-100000.0000000_1000000.000000,0,0,0,0,,0,0,0,0,,0,0,0,0
8 hermite_formula_-100000.0000000_1000000.000000,0,0,0,0,,0,0,0,0,,0,0,0,0
,Average Error,Error LB,Error UB,Abs. Worst,,Average Error,Error LB,Error UB,Abs. Worst,,#VALUE!,#VALUE!,#VALUE!,#VALUE!
0 hermite_formula_-10000.0000000_100000.000000,0,0,0,0,,0,0,0,0,,0,0,0,0
10 hermite_formula_-10000.0000000_100000.000000,0,0,0,0,,0,0,0,0,,0,0,0,0
11 hermite_formula_-10000.0000000_100000.000000,0,0,0,0,,0,0,0,0,,0,0,0,0
12 hermite_formula_-10000.0000000_100000.000000,0,0,0,0,,0,0,0,0,,0,0,0,0
14 hermite_formula_-10000.0000000_100000.000000,0,0,0,0,,0,0,0,0,,0,0,0,0
15 hermite_formula_-10000.0000000_100000.000000,0,0,0,0,,0,0,0,0,,0,0,0,0
17 hermite_formula_-10000.0000000_100000.000000,0,0,0,0,,0,0,0,0,,0,0,0,0
2 hermite_formula_-10000.0000000_100000.000000,0,0,0,0,,0,0,0,0,,0,0,0,0
4 hermite_formula_-10000.0000000_100000.000000,0,0,0,0,,0,0,0,0,,0,0,0,0
5 hermite_formula_-10000.0000000_100000.000000,0,0,0,0,,0,0,0,0,,0,0,0,0
6 hermite_formula_-10000.0000000_100000.000000,0,0,0,0,,0,0,0,0,,0,0,0,0
8 hermite_formula_-10000.0000000_100000.000000,0,0,0,0,,0,0,0,0,,0,0,0,0
9 hermite_formula_-10000.0000000_100000.000000,0.000000029,-0.000000029,-0.000000029,0.000000029,,0.000000029,-0.000000029,-0.000000029,0.000000029,,0,0,0,0
,Average Error,Error LB,Error UB,Abs. Worst,,Average Error,Error LB,Error UB,Abs. Worst,,#VALUE!,#VALUE!,#VALUE!,#VALUE!
0 hermite_formula_-10000.000000_10000.000000,0,0,0,0,,0,0,0,0,,0,0,0,0
10 hermite_formula_-10000.000000_10000.000000,0,0,0,0,,0,0,0,0,,0,0,0,0
11 hermite_formula_-10000.000000_10000.000000,0,0,0,0,,0,0,0,0,,0,0,0,0
12 hermite_formula_-10000.000000_10000.000000,0,0,0,0,,0,0,0,0,,0,0,0,0
13 hermite_formula_-10000.000000_10000.000000,0,0,0,0,,0,0,0,0,,0,0,0,0
14 hermite_formula_-10000.000000_10000.000000,0,0,0,0,,0,0,0,0,,0,0,0,0
15 hermite_formula_-10000.000000_10000.000000,0,0,0,0,,0,0,0,0,,0,0,0,0
16 hermite_formula_-10000.000000_10000.000000,0,0,0,0,,0,0,0,0,,0,0,0,0
17 hermite_formula_-10000.000000_10000.000000,0,0,0,0,,0,0,0,0,,0,0,0,0
1 hermite_formula_-10000.000000_10000.000000,0,0,0,0,,0,0,0,0,,0,0,0,0
2 hermite_formula_-10000.000000_10000.000000,0,0,0,0,,0,0,0,0,,0,0,0,0
3 hermite_formula_-10000.000000_10000.000000,0,0,0,0,,0,0,0,0,,0,0,0,0
4 hermite_formula_-10000.000000_10000.000000,0,0,0,0,,0,0,0,0,,0,0,0,0
5 hermite_formula_-10000.000000_10000.000000,0,0,0,0,,0,0,0,0,,0,0,0,0
8 hermite_formula_-10000.000000_10000.000000,0,0,0,0,,0,0,0,0,,0,0,0,0
9 hermite_formula_-10000.000000_10000.000000,0.000000029,-0.000000029,-0.000000029,0.000000029,,0.000000029,-0.000000029,-0.000000029,0.000000029,,0,0,0,0
,Average Error,Error LB,Error UB,Abs. Worst,,Average Error,Error LB,Error UB,Abs. Worst,,#VALUE!,#VALUE!,#VALUE!,#VALUE!
0 hermite_formula_-1000.000000_1000.000000,0,0,0,0,,0,0,0,0,,0,0,0,0
10 hermite_formula_-1000.000000_1000.000000,0,0,0,0,,0,0,0,0,,0,0,0,0
11 hermite_formula_-1000.000000_1000.000000,0,0,0,0,,0,0,0,0,,0,0,0,0
12 hermite_formula_-1000.000000_1000.000000,0,0,0,0,,0,0,0,0,,0,0,0,0
13 hermite_formula_-1000.000000_1000.000000,0,0,0,0,,0,0,0,0,,0,0,0,0
14 hermite_formula_-1000.000000_1000.000000,0,0,0,0,,0,0,0,0,,0,0,0,0
15 hermite_formula_-1000.000000_1000.000000,0,0,0,0,,0,0,0,0,,0,0,0,0
16 hermite_formula_-1000.000000_1000.000000,0,0,0,0,,0,0,0,0,,0,0,0,0
17 hermite_formula_-1000.000000_1000.000000,0,0,0,0,,0,0,0,0,,0,0,0,0
1 hermite_formula_-1000.000000_1000.000000,0,0,0,0,,0,0,0,0,,0,0,0,0
2 hermite_formula_-1000.000000_1000.000000,0,0,0,0,,0,0,0,0,,0,0,0,0
3 hermite_formula_-1000.000000_1000.000000,0,0,0,0,,0,0,0,0,,0,0,0,0
5 hermite_formula_-1000.000000_1000.000000,0,0,0,0,,0,0,0,0,,0,0,0,0
8 hermite_formula_-1000.000000_1000.000000,0,0,0,0,,0,0,0,0,,0,0,0,0
9 hermite_formula_-1000.000000_1000.000000,0.000000029,-0.000000029,-0.000000029,0.000000029,,0.000000029,-0.000000029,-0.000000029,0.000000029,,0,0,0,0
,Average Error,Error LB,Error UB,Abs. Worst,,Average Error,Error LB,Error UB,Abs. Worst,,#VALUE!,#VALUE!,#VALUE!,#VALUE!
0 hermite_formula_-100.000000_100.000000,0,0,0,0,,0,0,0,0,,0,0,0,0
10 hermite_formula_-100.000000_100.000000,0,0,0,0,,0,0,0,0,,0,0,0,0
11 hermite_formula_-100.000000_100.000000,0,0,0,0,,0,0,0,0,,0,0,0,0
12 hermite_formula_-100.000000_100.000000,0,0,0,0,,0,0,0,0,,0,0,0,0
13 hermite_formula_-100.000000_100.000000,0,0,0,0,,0,0,0,0,,0,0,0,0
14 hermite_formula_-100.000000_100.000000,0,0,0,0,,0,0,0,0,,0,0,0,0
15 hermite_formula_-100.000000_100.000000,0,0,0,0,,0,0,0,0,,0,0,0,0
16 hermite_formula_-100.000000_100.000000,0,0,0,0,,0,0,0,0,,0,0,0,0
17 hermite_formula_-100.000000_100.000000,0,0,0,0,,0,0,0,0,,0,0,0,0
1 hermite_formula_-100.000000_100.000000,0,0,0,0,,0,0,0,0,,0,0,0,0
2 hermite_formula_-100.000000_100.000000,0,0,0,0,,0,0,0,0,,0,0,0,0
3 hermite_formula_-100.000000_100.000000,0,0,0,0,,0,0,0,0,,0,0,0,0
4 hermite_formula_-100.000000_100.000000,0,0,0,0,,0,0,0,0,,0,0,0,0
8 hermite_formula_-100.000000_100.000000,0,0,0,0,,0,0,0,0,,0,0,0,0
9 hermite_formula_-100.000000_100.000000,0.000000029,-0.000000029,-0.000000029,0.000000029,,0.000000029,-0.000000029,-0.000000029,0.000000029,,0,0,0,0
,Average Error,Error LB,Error UB,Abs. Worst,,Average Error,Error LB,Error UB,Abs. Worst,,#VALUE!,#VALUE!,#VALUE!,#VALUE!
0 hermite_formula_-10.000000_10.000000,0,0,0,0,,0,0,0,0,,0,0,0,0
10 hermite_formula_-10.000000_10.000000,0,0,0,0,,0,0,0,0,,0,0,0,0
11 hermite_formula_-10.000000_10.000000,0,0,0,0,,0,0,0,0,,0,0,0,0
13 hermite_formula_-10.000000_10.000000,0,0,0,0,,0,0,0,0,,0,0,0,0
14 hermite_formula_-10.000000_10.000000,0,0,0,0,,0,0,0,0,,0,0,0,0
15 hermite_formula_-10.000000_10.000000,0,0,0,0,,0,0,0,0,,0,0,0,0
16 hermite_formula_-10.000000_10.000000,0,0,0,0,,0,0,0,0,,0,0,0,0
17 hermite_formula_-10.000000_10.000000,0,0,0,0,,0,0,0,0,,0,0,0,0
1 hermite_formula_-10.000000_10.000000,0,0,0,0,,0,0,0,0,,0,0,0,0
2 hermite_formula_-10.000000_10.000000,0,0,0,0,,0,0,0,0,,0,0,0,0
3 hermite_formula_-10.000000_10.000000,0,0,0,0,,0,0,0,0,,0,0,0,0
4 hermite_formula_-10.000000_10.000000,0,0,0,0,,0,0,0,0,,0,0,0,0
5 hermite_formula_-10.000000_10.000000,0,0,0,0,,0,0,0,0,,0,0,0,0
8 hermite_formula_-10.000000_10.000000,0,0,0,0,,0,0,0,0,,0,0,0,0
9 hermite_formula_-10.000000_10.000000,0.000000029,-0.000000029,-0.000000029,0.000000029,,0.000000029,-0.000000029,-0.000000029,0.000000029,,0,0,0,0
,Average Error,Error LB,Error UB,Abs. Worst,,Average Error,Error LB,Error UB,Abs. Worst,,#VALUE!,#VALUE!,#VALUE!,#VALUE!
10 hermite_formula_-1.000000_1.000000,0.000000004,-0.000000004,-0.000000004,0.000000004,,0.000000004,-0.000000004,-0.000000004,0.000000004,,0,0,0,0
14 hermite_formula_-1.000000_1.000000,1.55E-08,1.55E-08,1.55E-08,1.55E-08,,1.55E-08,1.55E-08,1.55E-08,1.55E-08,,0,0,0,0
15 hermite_formula_-1.000000_1.000000,0,0,0,0,,0,0,0,0,,0,0,0,0
17 hermite_formula_-1.000000_1.000000,3.13E-08,-3.13E-08,-3.13E-08,3.13E-08,,3.13E-08,-3.13E-08,-3.13E-08,3.13E-08,,0,0,0,0
19 hermite_formula_-1.000000_1.000000,2.49E-08,2.49E-08,2.49E-08,2.49E-08,,2.49E-08,2.49E-08,2.49E-08,2.49E-08,,0,0,0,0
21 hermite_formula_-1.000000_1.000000,1.75E-08,-1.75E-08,-1.75E-08,1.75E-08,,1.75E-08,-1.75E-08,-1.75E-08,1.75E-08,,0,0,0,0
23 hermite_formula_-1.000000_1.000000,0.000000031,0.000000031,0.000000031,0.000000031,,0.000000031,0.000000031,0.000000031,0.000000031,,0,0,0,0
25 hermite_formula_-1.000000_1.000000,2.26E-08,-2.26E-08,-2.26E-08,2.26E-08,,2.26E-08,-2.26E-08,-2.26E-08,2.26E-08,,0,0,0,0
26 hermite_formula_-1.000000_1.000000,0,0,0,0,,0,0,0,0,,0,0,0,0
2 hermite_formula_-1.000000_1.000000,0,0,0,0,,0,0,0,0,,0,0,0,0
28 hermite_formula_-1.000000_1.000000,3.7E-09,3.7E-09,3.7E-09,3.7E-09,,3.7E-09,3.7E-09,3.7E-09,3.7E-09,,0,0,0,0
30 hermite_formula_-1.000000_1.000000,1.2E-09,-1.2E-09,-1.2E-09,1.2E-09,,1.2E-09,-1.2E-09,-1.2E-09,1.2E-09,,0,0,0,0
32 hermite_formula_-1.000000_1.000000,1.78E-08,1.78E-08,1.78E-08,1.78E-08,,1.78E-08,1.78E-08,1.78E-08,1.78E-08,,0,0,0,0
34 hermite_formula_-1.000000_1.000000,8.1E-09,-8.1E-09,-8.1E-09,8.1E-09,,8.1E-09,-8.1E-09,-8.1E-09,8.1E-09,,0,0,0,0
36 hermite_formula_-1.000000_1.000000,1.99E-08,-1.99E-08,-1.99E-08,1.99E-08,,1.99E-08,-1.99E-08,-1.99E-08,1.99E-08,,0,0,0,0
38 hermite_formula_-1.000000_1.000000,0,0,0,0,,0,0,0,0,,0,0,0,0
39 hermite_formula_-1.000000_1.000000,0.000000029,-0.000000029,-0.000000029,0.000000029,,0.000000029,-0.000000029,-0.000000029,0.000000029,,0,0,0,0
41 hermite_formula_-1.000000_1.000000,0,0,0,0,,0,0,0,0,,0,0,0,0
42 hermite_formula_-1.000000_1.000000,0,0,0,0,,0,0,0,0,,0,0,0,0
44 hermite_formula_-1.000000_1.000000,0,0,0,0,,0,0,0,0,,0,0,0,0
45 hermite_formula_-1.000000_1.000000,0,0,0,0,,0,0,0,0,,0,0,0,0
4 hermite_formula_-1.000000_1.000000,0,0,0,0,,0,0,0,0,,0,0,0,0
46 hermite_formula_-1.000000_1.000000,0,0,0,0,,0,0,0,0,,0,0,0,0
47 hermite_formula_-1.000000_1.000000,0,0,0,0,,0,0,0,0,,0,0,0,0
6 hermite_formula_-1.000000_1.000000,2.46E-08,-2.46E-08,-2.46E-08,2.46E-08,,2.46E-08,-2.46E-08,-2.46E-08,2.46E-08,,0,0,0,0
,Average Error,Error LB,Error UB,Abs. Worst,,Average Error,Error LB,Error UB,Abs. Worst,,#VALUE!,#VALUE!,#VALUE!,#VALUE!
0 laguerre_formula_-10000000000000000.0000000_10000000000000000.000000,0,0,0,0,,0,0,0,0,,0,0,0,0
11 laguerre_formula_-10000000000000000.0000000_10000000000000000.000000,0,0,0,0,,0,0,0,0,,0,0,0,0
12 laguerre_formula_-10000000000000000.0000000_10000000000000000.000000,0,0,0,0,,0,0,0,0,,0,0,0,0
13 laguerre_formula_-10000000000000000.0000000_10000000000000000.000000,0,0,0,0,,0,0,0,0,,0,0,0,0
14 laguerre_formula_-10000000000000000.0000000_10000000000000000.000000,0,0,0,0,,0,0,0,0,,0,0,0,0
16 laguerre_formula_-10000000000000000.0000000_10000000000000000.000000,0,0,0,0,,0,0,0,0,,0,0,0,0
17 laguerre_formula_-10000000000000000.0000000_10000000000000000.000000,0,0,0,0,,0,0,0,0,,0,0,0,0
1 laguerre_formula_-10000000000000000.0000000_10000000000000000.000000,0,0,0,0,,0,0,0,0,,0,0,0,0
2 laguerre_formula_-10000000000000000.0000000_10000000000000000.000000,0,0,0,0,,0,0,0,0,,0,0,0,0
3 laguerre_formula_-10000000000000000.0000000_10000000000000000.000000,0,0,0,0,,0,0,0,0,,0,0,0,0
4 laguerre_formula_-10000000000000000.0000000_10000000000000000.000000,0,0,0,0,,0,0,0,0,,0,0,0,0
6 laguerre_formula_-10000000000000000.0000000_10000000000000000.000000,0,0,0,0,,0,0,0,0,,0,0,0,0
7 laguerre_formula_-10000000000000000.0000000_10000000000000000.000000,0,0,0,0,,0,0,0,0,,0,0,0,0
9 laguerre_formula_-10000000000000000.0000000_10000000000000000.000000,0,0,0,0,,0,0,0,0,,0,0,0,0
,Average Error,Error LB,Error UB,Abs. Worst,,Average Error,Error LB,Error UB,Abs. Worst,,#VALUE!,#VALUE!,#VALUE!,#VALUE!
0 laguerre_formula_-1000000000000000.0000000_1000000000000000.000000,0,0,0,0,,0,0,0,0,,0,0,0,0
10 laguerre_formula_-1000000000000000.0000000_1000000000000000.000000,0,0,0,0,,0,0,0,0,,0,0,0,0
11 laguerre_formula_-1000000000000000.0000000_1000000000000000.000000,0,0,0,0,,0,0,0,0,,0,0,0,0
12 laguerre_formula_-1000000000000000.0000000_1000000000000000.000000,0,0,0,0,,0,0,0,0,,0,0,0,0
13 laguerre_formula_-1000000000000000.0000000_1000000000000000.000000,0,0,0,0,,0,0,0,0,,0,0,0,0
14 laguerre_formula_-1000000000000000.0000000_1000000000000000.000000,0,0,0,0,,0,0,0,0,,0,0,0,0
15 laguerre_formula_-1000000000000000.0000000_1000000000000000.000000,0,0,0,0,,0,0,0,0,,0,0,0,0
16 laguerre_formula_-1000000000000000.0000000_1000000000000000.000000,0,0,0,0,,0,0,0,0,,0,0,0,0
17 laguerre_formula_-1000000000000000.0000000_1000000000000000.000000,0,0,0,0,,0,0,0,0,,0,0,0,0
1 laguerre_formula_-1000000000000000.0000000_1000000000000000.000000,0,0,0,0,,0,0,0,0,,0,0,0,0
2 laguerre_formula_-1000000000000000.0000000_1000000000000000.000000,0,0,0,0,,0,0,0,0,,0,0,0,0
3 laguerre_formula_-1000000000000000.0000000_1000000000000000.000000,0,0,0,0,,0,0,0,0,,0,0,0,0
4 laguerre_formula_-1000000000000000.0000000_1000000000000000.000000,0,0,0,0,,0,0,0,0,,0,0,0,0
5 laguerre_formula_-1000000000000000.0000000_1000000000000000.000000,0,0,0,0,,0,0,0,0,,0,0,0,0
7 laguerre_formula_-1000000000000000.0000000_1000000000000000.000000,0,0,0,0,,0,0,0,0,,0,0,0,0
9 laguerre_formula_-1000000000000000.0000000_1000000000000000.000000,0,0,0,0,,0,0,0,0,,0,0,0,0
,Average Error,Error LB,Error UB,Abs. Worst,,Average Error,Error LB,Error UB,Abs. Worst,,#VALUE!,#VALUE!,#VALUE!,#VALUE!
10 laguerre_formula_-100000000000000.0000000_100000000000000.000000,0,0,0,0,,0,0,0,0,,0,0,0,0
13 laguerre_formula_-100000000000000.0000000_100000000000000.000000,0,0,0,0,,0,0,0,0,,0,0,0,0
14 laguerre_formula_-100000000000000.0000000_100000000000000.000000,0,0,0,0,,0,0,0,0,,0,0,0,0
15 laguerre_formula_-100000000000000.0000000_100000000000000.000000,0,0,0,0,,0,0,0,0,,0,0,0,0
16 laguerre_formula_-100000000000000.0000000_100000000000000.000000,0,0,0,0,,0,0,0,0,,0,0,0,0
17 laguerre_formula_-100000000000000.0000000_100000000000000.000000,0,0,0,0,,0,0,0,0,,0,0,0,0
1 laguerre_formula_-100000000000000.0000000_100000000000000.000000,0,0,0,0,,0,0,0,0,,0,0,0,0
2 laguerre_formula_-100000000000000.0000000_100000000000000.000000,0,0,0,0,,0,0,0,0,,0,0,0,0
3 laguerre_formula_-100000000000000.0000000_100000000000000.000000,0,0,0,0,,0,0,0,0,,0,0,0,0
5 laguerre_formula_-100000000000000.0000000_100000000000000.000000,0,0,0,0,,0,0,0,0,,0,0,0,0
6 laguerre_formula_-100000000000000.0000000_100000000000000.000000,0,0,0,0,,0,0,0,0,,0,0,0,0
7 laguerre_formula_-100000000000000.0000000_100000000000000.000000,0,0,0,0,,0,0,0,0,,0,0,0,0
8 laguerre_formula_-100000000000000.0000000_100000000000000.000000,0,0,0,0,,0,0,0,0,,0,0,0,0
,Average Error,Error LB,Error UB,Abs. Worst,,Average Error,Error LB,Error UB,Abs. Worst,,#VALUE!,#VALUE!,#VALUE!,#VALUE!
0 laguerre_formula_-10000000000000.0000000_10000000000000.000000,0,0,0,0,,0,0,0,0,,0,0,0,0
10 laguerre_formula_-10000000000000.0000000_10000000000000.000000,0,0,0,0,,0,0,0,0,,0,0,0,0
11 laguerre_formula_-10000000000000.0000000_10000000000000.000000,0,0,0,0,,0,0,0,0,,0,0,0,0
12 laguerre_formula_-10000000000000.0000000_10000000000000.000000,0,0,0,0,,0,0,0,0,,0,0,0,0
13 laguerre_formula_-10000000000000.0000000_10000000000000.000000,0,0,0,0,,0,0,0,0,,0,0,0,0
14 laguerre_formula_-10000000000000.0000000_10000000000000.000000,0,0,0,0,,0,0,0,0,,0,0,0,0
15 laguerre_formula_-10000000000000.0000000_10000000000000.000000,0,0,0,0,,0,0,0,0,,0,0,0,0
16 laguerre_formula_-10000000000000.0000000_10000000000000.000000,0,0,0,0,,0,0,0,0,,0,0,0,0
17 laguerre_formula_-10000000000000.0000000_10000000000000.000000,0,0,0,0,,0,0,0,0,,0,0,0,0
1 laguerre_formula_-10000000000000.0000000_10000000000000.000000,0,0,0,0,,0,0,0,0,,0,0,0,0
2 laguerre_formula_-10000000000000.0000000_10000000000000.000000,0,0,0,0,,0,0,0,0,,0,0,0,0
3 laguerre_formula_-10000000000000.0000000_10000000000000.000000,0,0,0,0,,0,0,0,0,,0,0,0,0
4 laguerre_formula_-10000000000000.0000000_10000000000000.000000,0,0,0,0,,0,0,0,0,,0,0,0,0
5 laguerre_formula_-10000000000000.0000000_10000000000000.000000,0,0,0,0,,0,0,0,0,,0,0,0,0
6 laguerre_formula_-10000000000000.0000000_10000000000000.000000,0,0,0,0,,0,0,0,0,,0,0,0,0
8 laguerre_formula_-10000000000000.0000000_10000000000000.000000,0,0,0,0,,0,0,0,0,,0,0,0,0
9 laguerre_formula_-10000000000000.0000000_10000000000000.000000,0,0,0,0,,0,0,0,0,,0,0,0,0
,Average Error,Error LB,Error UB,Abs. Worst,,Average Error,Error LB,Error UB,Abs. Worst,,#VALUE!,#VALUE!,#VALUE!,#VALUE!
0 laguerre_formula_-1000000000000.0000000_1000000000000.000000,0,0,0,0,,0,0,0,0,,0,0,0,0
10 laguerre_formula_-1000000000000.0000000_1000000000000.000000,0,0,0,0,,0,0,0,0,,0,0,0,0
12 laguerre_formula_-1000000000000.0000000_1000000000000.000000,0,0,0,0,,0,0,0,0,,0,0,0,0
14 laguerre_formula_-1000000000000.0000000_1000000000000.000000,0,0,0,0,,0,0,0,0,,0,0,0,0
15 laguerre_formula_-1000000000000.0000000_1000000000000.000000,0,0,0,0,,0,0,0,0,,0,0,0,0
16 laguerre_formula_-1000000000000.0000000_1000000000000.000000,0,0,0,0,,0,0,0,0,,0,0,0,0
17 laguerre_formula_-1000000000000.0000000_1000000000000.000000,0,0,0,0,,0,0,0,0,,0,0,0,0
1 laguerre_formula_-1000000000000.0000000_1000000000000.000000,0,0,0,0,,0,0,0,0,,0,0,0,0
2 laguerre_formula_-1000000000000.0000000_1000000000000.000000,0,0,0,0,,0,0,0,0,,0,0,0,0
3 laguerre_formula_-1000000000000.0000000_1000000000000.000000,0,0,0,0,,0,0,0,0,,0,0,0,0
4 laguerre_formula_-1000000000000.0000000_1000000000000.000000,0,0,0,0,,0,0,0,0,,0,0,0,0
5 laguerre_formula_-1000000000000.0000000_1000000000000.000000,0,0,0,0,,0,0,0,0,,0,0,0,0
6 laguerre_formula_-1000000000000.0000000_1000000000000.000000,0,0,0,0,,0,0,0,0,,0,0,0,0
7 laguerre_formula_-1000000000000.0000000_1000000000000.000000,0,0,0,0,,0,0,0,0,,0,0,0,0
8 laguerre_formula_-1000000000000.0000000_1000000000000.000000,0,0,0,0,,0,0,0,0,,0,0,0,0
9 laguerre_formula_-1000000000000.0000000_1000000000000.000000,0,0,0,0,,0,0,0,0,,0,0,0,0
,Average Error,Error LB,Error UB,Abs. Worst,,Average Error,Error LB,Error UB,Abs. Worst,,#VALUE!,#VALUE!,#VALUE!,#VALUE!
0 laguerre_formula_-100000000000.0000000_100000000000.000000,0,0,0,0,,0,0,0,0,,0,0,0,0
10 laguerre_formula_-100000000000.0000000_100000000000.000000,0,0,0,0,,0,0,0,0,,0,0,0,0
12 laguerre_formula_-100000000000.0000000_100000000000.000000,0,0,0,0,,0,0,0,0,,0,0,0,0
13 laguerre_formula_-100000000000.0000000_100000000000.000000,0,0,0,0,,0,0,0,0,,0,0,0,0
15 laguerre_formula_-100000000000.0000000_100000000000.000000,0,0,0,0,,0,0,0,0,,0,0,0,0
1 laguerre_formula_-100000000000.0000000_100000000000.000000,0,0,0,0,,0,0,0,0,,0,0,0,0
3 laguerre_formula_-100000000000.0000000_100000000000.000000,0,0,0,0,,0,0,0,0,,0,0,0,0
4 laguerre_formula_-100000000000.0000000_100000000000.000000,0,0,0,0,,0,0,0,0,,0,0,0,0
6 laguerre_formula_-100000000000.0000000_100000000000.000000,0,0,0,0,,0,0,0,0,,0,0,0,0
9 laguerre_formula_-100000000000.0000000_100000000000.000000,0,0,0,0,,0,0,0,0,,0,0,0,0
,Average Error,Error LB,Error UB,Abs. Worst,,Average Error,Error LB,Error UB,Abs. Worst,,#VALUE!,#VALUE!,#VALUE!,#VALUE!
0 laguerre_formula_-10000000000.0000000_10000000000.000000,0,0,0,0,,0,0,0,0,,0,0,0,0
10 laguerre_formula_-10000000000.0000000_10000000000.000000,0,0,0,0,,0,0,0,0,,0,0,0,0
14 laguerre_formula_-10000000000.0000000_10000000000.000000,0,0,0,0,,0,0,0,0,,0,0,0,0
15 laguerre_formula_-10000000000.0000000_10000000000.000000,0,0,0,0,,0,0,0,0,,0,0,0,0
16 laguerre_formula_-10000000000.0000000_10000000000.000000,0,0,0,0,,0,0,0,0,,0,0,0,0
1 laguerre_formula_-10000000000.0000000_10000000000.000000,0,0,0,0,,0,0,0,0,,0,0,0,0
2 laguerre_formula_-10000000000.0000000_10000000000.000000,0,0,0,0,,0,0,0,0,,0,0,0,0
3 laguerre_formula_-10000000000.0000000_10000000000.000000,0,0,0,0,,0,0,0,0,,0,0,0,0
6 laguerre_formula_-10000000000.0000000_10000000000.000000,0,0,0,0,,0,0,0,0,,0,0,0,0
7 laguerre_formula_-10000000000.0000000_10000000000.000000,0,0,0,0,,0,0,0,0,,0,0,0,0
9 laguerre_formula_-10000000000.0000000_10000000000.000000,0,0,0,0,,0,0,0,0,,0,0,0,0
,Average Error,Error LB,Error UB,Abs. Worst,,Average Error,Error LB,Error UB,Abs. Worst,,#VALUE!,#VALUE!,#VALUE!,#VALUE!
0 laguerre_formula_-1000000000.0000000_1000000000.000000,0,0,0,0,,0,0,0,0,,0,0,0,0
10 laguerre_formula_-1000000000.0000000_1000000000.000000,0,0,0,0,,0,0,0,0,,0,0,0,0
11 laguerre_formula_-1000000000.0000000_1000000000.000000,0,0,0,0,,0,0,0,0,,0,0,0,0
12 laguerre_formula_-1000000000.0000000_1000000000.000000,0,0,0,0,,0,0,0,0,,0,0,0,0
13 laguerre_formula_-1000000000.0000000_1000000000.000000,0,0,0,0,,0,0,0,0,,0,0,0,0
14 laguerre_formula_-1000000000.0000000_1000000000.000000,0,0,0,0,,0,0,0,0,,0,0,0,0
15 laguerre_formula_-1000000000.0000000_1000000000.000000,0,0,0,0,,0,0,0,0,,0,0,0,0
17 laguerre_formula_-1000000000.0000000_1000000000.000000,0,0,0,0,,0,0,0,0,,0,0,0,0
1 laguerre_formula_-1000000000.0000000_1000000000.000000,0,0,0,0,,0,0,0,0,,0,0,0,0
2 laguerre_formula_-1000000000.0000000_1000000000.000000,0,0,0,0,,0,0,0,0,,0,0,0,0
3 laguerre_formula_-1000000000.0000000_1000000000.000000,0,0,0,0,,0,0,0,0,,0,0,0,0
4 laguerre_formula_-1000000000.0000000_1000000000.000000,0,0,0,0,,0,0,0,0,,0,0,0,0
5 laguerre_formula_-1000000000.0000000_1000000000.000000,0,0,0,0,,0,0,0,0,,0,0,0,0
6 laguerre_formula_-1000000000.0000000_1000000000.000000,0,0,0,0,,0,0,0,0,,0,0,0,0
7 laguerre_formula_-1000000000.0000000_1000000000.000000,0,0,0,0,,0,0,0,0,,0,0,0,0
8 laguerre_formula_-1000000000.0000000_1000000000.000000,0,0,0,0,,0,0,0,0,,0,0,0,0
9 laguerre_formula_-1000000000.0000000_1000000000.000000,0,0,0,0,,0,0,0,0,,0,0,0,0
,Average Error,Error LB,Error UB,Abs. Worst,,Average Error,Error LB,Error UB,Abs. Worst,,#VALUE!,#VALUE!,#VALUE!,#VALUE!
10 laguerre_formula_-10000000.0000000_100000000.000000,0,0,0,0,,0,0,0,0,,0,0,0,0
12 laguerre_formula_-10000000.0000000_100000000.000000,0,0,0,0,,0,0,0,0,,0,0,0,0
13 laguerre_formula_-10000000.0000000_100000000.000000,0,0,0,0,,0,0,0,0,,0,0,0,0
14 laguerre_formula_-10000000.0000000_100000000.000000,0,0,0,0,,0,0,0,0,,0,0,0,0
15 laguerre_formula_-10000000.0000000_100000000.000000,0,0,0,0,,0,0,0,0,,0,0,0,0
16 laguerre_formula_-10000000.0000000_100000000.000000,0,0,0,0,,0,0,0,0,,0,0,0,0
17 laguerre_formula_-10000000.0000000_100000000.000000,0,0,0,0,,0,0,0,0,,0,0,0,0
1 laguerre_formula_-10000000.0000000_100000000.000000,0,0,0,0,,0,0,0,0,,0,0,0,0
2 laguerre_formula_-10000000.0000000_100000000.000000,0,0,0,0,,0,0,0,0,,0,0,0,0
3 laguerre_formula_-10000000.0000000_100000000.000000,0,0,0,0,,0,0,0,0,,0,0,0,0
4 laguerre_formula_-10000000.0000000_100000000.000000,0,0,0,0,,0,0,0,0,,0,0,0,0
6 laguerre_formula_-10000000.0000000_100000000.000000,0,0,0,0,,0,0,0,0,,0,0,0,0
8 laguerre_formula_-10000000.0000000_100000000.000000,0,0,0,0,,0,0,0,0,,0,0,0,0
9 laguerre_formula_-10000000.0000000_100000000.000000,0,0,0,0,,0,0,0,0,,0,0,0,0
,Average Error,Error LB,Error UB,Abs. Worst,,Average Error,Error LB,Error UB,Abs. Worst,,#VALUE!,#VALUE!,#VALUE!,#VALUE!
0 laguerre_formula_-1000000.0000000_10000000.000000,0,0,0,0,,0,0,0,0,,0,0,0,0
10 laguerre_formula_-1000000.0000000_10000000.000000,0,0,0,0,,0,0,0,0,,0,0,0,0
11 laguerre_formula_-1000000.0000000_10000000.000000,0,0,0,0,,0,0,0,0,,0,0,0,0
12 laguerre_formula_-1000000.0000000_10000000.000000,0,0,0,0,,0,0,0,0,,0,0,0,0
13 laguerre_formula_-1000000.0000000_10000000.000000,0,0,0,0,,0,0,0,0,,0,0,0,0
14 laguerre_formula_-1000000.0000000_10000000.000000,0,0,0,0,,0,0,0,0,,0,0,0,0
15 laguerre_formula_-1000000.0000000_10000000.000000,0,0,0,0,,0,0,0,0,,0,0,0,0
16 laguerre_formula_-1000000.0000000_10000000.000000,0,0,0,0,,0,0,0,0,,0,0,0,0
17 laguerre_formula_-1000000.0000000_10000000.000000,0,0,0,0,,0,0,0,0,,0,0,0,0
1 laguerre_formula_-1000000.0000000_10000000.000000,0,0,0,0,,0,0,0,0,,0,0,0,0
2 laguerre_formula_-1000000.0000000_10000000.000000,0,0,0,0,,0,0,0,0,,0,0,0,0
3 laguerre_formula_-1000000.0000000_10000000.000000,0,0,0,0,,0,0,0,0,,0,0,0,0
4 laguerre_formula_-1000000.0000000_10000000.000000,0,0,0,0,,0,0,0,0,,0,0,0,0
5 laguerre_formula_-1000000.0000000_10000000.000000,0,0,0,0,,0,0,0,0,,0,0,0,0
6 laguerre_formula_-1000000.0000000_10000000.000000,0,0,0,0,,0,0,0,0,,0,0,0,0
7 laguerre_formula_-1000000.0000000_10000000.000000,0,0,0,0,,0,0,0,0,,0,0,0,0
8 laguerre_formula_-1000000.0000000_10000000.000000,0,0,0,0,,0,0,0,0,,0,0,0,0
9 laguerre_formula_-1000000.0000000_10000000.000000,0,0,0,0,,0,0,0,0,,0,0,0,0
,Average Error,Error LB,Error UB,Abs. Worst,,Average Error,Error LB,Error UB,Abs. Worst,,#VALUE!,#VALUE!,#VALUE!,#VALUE!
0 laguerre_formula_-100000.0000000_1000000.000000,0,0,0,0,,0,0,0,0,,0,0,0,0
10 laguerre_formula_-100000.0000000_1000000.000000,0,0,0,0,,0,0,0,0,,0,0,0,0
12 laguerre_formula_-100000.0000000_1000000.000000,0,0,0,0,,0,0,0,0,,0,0,0,0
13 laguerre_formula_-100000.0000000_1000000.000000,0,0,0,0,,0,0,0,0,,0,0,0,0
14 laguerre_formula_-100000.0000000_1000000.000000,0,0,0,0,,0,0,0,0,,0,0,0,0
15 laguerre_formula_-100000.0000000_1000000.000000,0,0,0,0,,0,0,0,0,,0,0,0,0
17 laguerre_formula_-100000.0000000_1000000.000000,0,0,0,0,,0,0,0,0,,0,0,0,0
1 laguerre_formula_-100000.0000000_1000000.000000,0,0,0,0,,0,0,0,0,,0,0,0,0
2 laguerre_formula_-100000.0000000_1000000.000000,0,0,0,0,,0,0,0,0,,0,0,0,0
3 laguerre_formula_-100000.0000000_1000000.000000,0,0,0,0,,0,0,0,0,,0,0,0,0
4 laguerre_formula_-100000.0000000_1000000.000000,0,0,0,0,,0,0,0,0,,0,0,0,0
5 laguerre_formula_-100000.0000000_1000000.000000,0,0,0,0,,0,0,0,0,,0,0,0,0
6 laguerre_formula_-100000.0000000_1000000.000000,0,0,0,0,,0,0,0,0,,0,0,0,0
,Average Error,Error LB,Error UB,Abs. Worst,,Average Error,Error LB,Error UB,Abs. Worst,,#VALUE!,#VALUE!,#VALUE!,#VALUE!
0 laguerre_formula_-10000.0000000_100000.000000,0,0,0,0,,0,0,0,0,,0,0,0,0
11 laguerre_formula_-10000.0000000_100000.000000,0,0,0,0,,0,0,0,0,,0,0,0,0
12 laguerre_formula_-10000.0000000_100000.000000,0,0,0,0,,0,0,0,0,,0,0,0,0
13 laguerre_formula_-10000.0000000_100000.000000,0,0,0,0,,0,0,0,0,,0,0,0,0
14 laguerre_formula_-10000.0000000_100000.000000,0,0,0,0,,0,0,0,0,,0,0,0,0
15 laguerre_formula_-10000.0000000_100000.000000,0,0,0,0,,0,0,0,0,,0,0,0,0
17 laguerre_formula_-10000.0000000_100000.000000,0,0,0,0,,0,0,0,0,,0,0,0,0
2 laguerre_formula_-10000.0000000_100000.000000,0,0,0,0,,0,0,0,0,,0,0,0,0
3 laguerre_formula_-10000.0000000_100000.000000,0,0,0,0,,0,0,0,0,,0,0,0,0
5 laguerre_formula_-10000.0000000_100000.000000,0,0,0,0,,0,0,0,0,,0,0,0,0
6 laguerre_formula_-10000.0000000_100000.000000,0,0,0,0,,0,0,0,0,,0,0,0,0
9 laguerre_formula_-10000.0000000_100000.000000,0,0,0,0,,0,0,0,0,,0,0,0,0
,Average Error,Error LB,Error UB,Abs. Worst,,Average Error,Error LB,Error UB,Abs. Worst,,#VALUE!,#VALUE!,#VALUE!,#VALUE!
0 laguerre_formula_-10000.000000_10000.000000,0,0,0,0,,0,0,0,0,,0,0,0,0
10 laguerre_formula_-10000.000000_10000.000000,0,0,0,0,,0,0,0,0,,0,0,0,0
11 laguerre_formula_-10000.000000_10000.000000,0,0,0,0,,0,0,0,0,,0,0,0,0
13 laguerre_formula_-10000.000000_10000.000000,0,0,0,0,,0,0,0,0,,0,0,0,0
14 laguerre_formula_-10000.000000_10000.000000,0,0,0,0,,0,0,0,0,,0,0,0,0
15 laguerre_formula_-10000.000000_10000.000000,0,0,0,0,,0,0,0,0,,0,0,0,0
16 laguerre_formula_-10000.000000_10000.000000,0,0,0,0,,0,0,0,0,,0,0,0,0
17 laguerre_formula_-10000.000000_10000.000000,0,0,0,0,,0,0,0,0,,0,0,0,0
1 laguerre_formula_-10000.000000_10000.000000,0,0,0,0,,0,0,0,0,,0,0,0,0
5 laguerre_formula_-10000.000000_10000.000000,0,0,0,0,,0,0,0,0,,0,0,0,0
6 laguerre_formula_-10000.000000_10000.000000,0,0,0,0,,0,0,0,0,,0,0,0,0
7 laguerre_formula_-10000.000000_10000.000000,0,0,0,0,,0,0,0,0,,0,0,0,0
8 laguerre_formula_-10000.000000_10000.000000,0,0,0,0,,0,0,0,0,,0,0,0,0
9 laguerre_formula_-10000.000000_10000.000000,0,0,0,0,,0,0,0,0,,0,0,0,0
,Average Error,Error LB,Error UB,Abs. Worst,,Average Error,Error LB,Error UB,Abs. Worst,,#VALUE!,#VALUE!,#VALUE!,#VALUE!
0 laguerre_formula_-1000.000000_1000.000000,0,0,0,0,,0,0,0,0,,0,0,0,0
10 laguerre_formula_-1000.000000_1000.000000,0,0,0,0,,0,0,0,0,,0,0,0,0
11 laguerre_formula_-1000.000000_1000.000000,0,0,0,0,,0,0,0,0,,0,0,0,0
12 laguerre_formula_-1000.000000_1000.000000,0,0,0,0,,0,0,0,0,,0,0,0,0
13 laguerre_formula_-1000.000000_1000.000000,0,0,0,0,,0,0,0,0,,0,0,0,0
14 laguerre_formula_-1000.000000_1000.000000,0,0,0,0,,0,0,0,0,,0,0,0,0
15 laguerre_formula_-1000.000000_1000.000000,0,0,0,0,,0,0,0,0,,0,0,0,0
16 laguerre_formula_-1000.000000_1000.000000,0,0,0,0,,0,0,0,0,,0,0,0,0
17 laguerre_formula_-1000.000000_1000.000000,0,0,0,0,,0,0,0,0,,0,0,0,0
1 laguerre_formula_-1000.000000_1000.000000,0,0,0,0,,0,0,0,0,,0,0,0,0
3 laguerre_formula_-1000.000000_1000.000000,0,0,0,0,,0,0,0,0,,0,0,0,0
5 laguerre_formula_-1000.000000_1000.000000,0,0,0,0,,0,0,0,0,,0,0,0,0
6 laguerre_formula_-1000.000000_1000.000000,0,0,0,0,,0,0,0,0,,0,0,0,0
7 laguerre_formula_-1000.000000_1000.000000,0,0,0,0,,0,0,0,0,,0,0,0,0
8 laguerre_formula_-1000.000000_1000.000000,0,0,0,0,,0,0,0,0,,0,0,0,0
9 laguerre_formula_-1000.000000_1000.000000,0,0,0,0,,0,0,0,0,,0,0,0,0
,Average Error,Error LB,Error UB,Abs. Worst,,Average Error,Error LB,Error UB,Abs. Worst,,#VALUE!,#VALUE!,#VALUE!,#VALUE!
0 laguerre_formula_-10.000000_10.000000,0,0,0,0,,0,0,0,0,,0,0,0,0
10 laguerre_formula_-10.000000_10.000000,0,0,0,0,,0,0,0,0,,0,0,0,0
11 laguerre_formula_-10.000000_10.000000,0,0,0,0,,0,0,0,0,,0,0,0,0
12 laguerre_formula_-10.000000_10.000000,0,0,0,0,,0,0,0,0,,0,0,0,0
13 laguerre_formula_-10.000000_10.000000,0,0,0,0,,0,0,0,0,,0,0,0,0
14 laguerre_formula_-10.000000_10.000000,0,0,0,0,,0,0,0,0,,0,0,0,0
15 laguerre_formula_-10.000000_10.000000,0,0,0,0,,0,0,0,0,,0,0,0,0
16 laguerre_formula_-10.000000_10.000000,0,0,0,0,,0,0,0,0,,0,0,0,0
17 laguerre_formula_-10.000000_10.000000,0,0,0,0,,0,0,0,0,,0,0,0,0
1 laguerre_formula_-10.000000_10.000000,0,0,0,0,,0,0,0,0,,0,0,0,0
2 laguerre_formula_-10.000000_10.000000,0,0,0,0,,0,0,0,0,,0,0,0,0
3 laguerre_formula_-10.000000_10.000000,0,0,0,0,,0,0,0,0,,0,0,0,0
4 laguerre_formula_-10.000000_10.000000,0,0,0,0,,0,0,0,0,,0,0,0,0
5 laguerre_formula_-10.000000_10.000000,0,0,0,0,,0,0,0,0,,0,0,0,0
6 laguerre_formula_-10.000000_10.000000,0,0,0,0,,0,0,0,0,,0,0,0,0
7 laguerre_formula_-10.000000_10.000000,0,0,0,0,,0,0,0,0,,0,0,0,0
8 laguerre_formula_-10.000000_10.000000,0,0,0,0,,0,0,0,0,,0,0,0,0
9 laguerre_formula_-10.000000_10.000000,0,0,0,0,,0,0,0,0,,0,0,0,0
,Average Error,Error LB,Error UB,Abs. Worst,,Average Error,Error LB,Error UB,Abs. Worst,,#VALUE!,#VALUE!,#VALUE!,#VALUE!
0 laguerre_formula_-1.000000_1.000000,0,0,0,0,,0,0,0,0,,0,0,0,0
10 laguerre_formula_-1.000000_1.000000,0,0,0,0,,0,0,0,0,,0,0,0,0
11 laguerre_formula_-1.000000_1.000000,0,0,0,0,,0,0,0,0,,0,0,0,0
12 laguerre_formula_-1.000000_1.000000,0,0,0,0,,0,0,0,0,,0,0,0,0
15 laguerre_formula_-1.000000_1.000000,0,0,0,0,,0,0,0,0,,0,0,0,0
16 laguerre_formula_-1.000000_1.000000,0,0,0,0,,0,0,0,0,,0,0,0,0
17 laguerre_formula_-1.000000_1.000000,0,0,0,0,,0,0,0,0,,0,0,0,0
1 laguerre_formula_-1.000000_1.000000,0,0,0,0,,0,0,0,0,,0,0,0,0
18 laguerre_formula_-1.000000_1.000000,0,0,0,0,,0,0,0,0,,0,0,0,0
19 laguerre_formula_-1.000000_1.000000,0,0,0,0,,0,0,0,0,,0,0,0,0
20 laguerre_formula_-1.000000_1.000000,0,0,0,0,,0,0,0,0,,0,0,0,0
21 laguerre_formula_-1.000000_1.000000,0,0,0,0,,0,0,0,0,,0,0,0,0
22 laguerre_formula_-1.000000_1.000000,0,0,0,0,,0,0,0,0,,0,0,0,0
23 laguerre_formula_-1.000000_1.000000,0,0,0,0,,0,0,0,0,,0,0,0,0
24 laguerre_formula_-1.000000_1.000000,0,0,0,0,,0,0,0,0,,0,0,0,0
25 laguerre_formula_-1.000000_1.000000,0,0,0,0,,0,0,0,0,,0,0,0,0
27 laguerre_formula_-1.000000_1.000000,0,0,0,0,,0,0,0,0,,0,0,0,0
2 laguerre_formula_-1.000000_1.000000,0,0,0,0,,0,0,0,0,,0,0,0,0
28 laguerre_formula_-1.000000_1.000000,0,0,0,0,,0,0,0,0,,0,0,0,0
29 laguerre_formula_-1.000000_1.000000,0,0,0,0,,0,0,0,0,,0,0,0,0
30 laguerre_formula_-1.000000_1.000000,0,0,0,0,,0,0,0,0,,0,0,0,0
31 laguerre_formula_-1.000000_1.000000,0,0,0,0,,0,0,0,0,,0,0,0,0
32 laguerre_formula_-1.000000_1.000000,0,0,0,0,,0,0,0,0,,0,0,0,0
33 laguerre_formula_-1.000000_1.000000,0,0,0,0,,0,0,0,0,,0,0,0,0
34 laguerre_formula_-1.000000_1.000000,0,0,0,0,,0,0,0,0,,0,0,0,0
35 laguerre_formula_-1.000000_1.000000,0,0,0,0,,0,0,0,0,,0,0,0,0
36 laguerre_formula_-1.000000_1.000000,0,0,0,0,,0,0,0,0,,0,0,0,0
3 laguerre_formula_-1.000000_1.000000,0,0,0,0,,0,0,0,0,,0,0,0,0
38 laguerre_formula_-1.000000_1.000000,0,0,0,0,,0,0,0,0,,0,0,0,0
39 laguerre_formula_-1.000000_1.000000,0,0,0,0,,0,0,0,0,,0,0,0,0
40 laguerre_formula_-1.000000_1.000000,0,0,0,0,,0,0,0,0,,0,0,0,0
41 laguerre_formula_-1.000000_1.000000,0,0,0,0,,0,0,0,0,,0,0,0,0
42 laguerre_formula_-1.000000_1.000000,0,0,0,0,,0,0,0,0,,0,0,0,0
43 laguerre_formula_-1.000000_1.000000,0,0,0,0,,0,0,0,0,,0,0,0,0
44 laguerre_formula_-1.000000_1.000000,0,0,0,0,,0,0,0,0,,0,0,0,0
45 laguerre_formula_-1.000000_1.000000,0,0,0,0,,0,0,0,0,,0,0,0,0
4 laguerre_formula_-1.000000_1.000000,0,0,0,0,,0,0,0,0,,0,0,0,0
46 laguerre_formula_-1.000000_1.000000,0,0,0,0,,0,0,0,0,,0,0,0,0
5 laguerre_formula_-1.000000_1.000000,0,0,0,0,,0,0,0,0,,0,0,0,0
6 laguerre_formula_-1.000000_1.000000,0,0,0,0,,0,0,0,0,,0,0,0,0
9 laguerre_formula_-1.000000_1.000000,0,0,0,0,,0,0,0,0,,0,0,0,0
,Average Error,Error LB,Error UB,Abs. Worst,,Average Error,Error LB,Error UB,Abs. Worst,,#VALUE!,#VALUE!,#VALUE!,#VALUE!
0 legendre_formula_-10000000000000000.0000000_10000000000000000.000000,0,0,0,0,,0,0,0,0,,0,0,0,0
11 legendre_formula_-10000000000000000.0000000_10000000000000000.000000,1.36E-08,-1.36E-08,-1.36E-08,1.36E-08,,1.36E-08,-1.36E-08,-1.36E-08,1.36E-08,,0,0,0,0
12 legendre_formula_-10000000000000000.0000000_10000000000000000.000000,0,0,0,0,,0,0,0,0,,0,0,0,0
13 legendre_formula_-10000000000000000.0000000_10000000000000000.000000,4.9E-09,-4.9E-09,-4.9E-09,4.9E-09,,4.9E-09,-4.9E-09,-4.9E-09,4.9E-09,,0,0,0,0
14 legendre_formula_-10000000000000000.0000000_10000000000000000.000000,0,0,0,0,,0,0,0,0,,0,0,0,0
15 legendre_formula_-10000000000000000.0000000_10000000000000000.000000,1.28E-08,1.28E-08,1.28E-08,1.28E-08,,1.28E-08,1.28E-08,1.28E-08,1.28E-08,,0,0,0,0
16 legendre_formula_-10000000000000000.0000000_10000000000000000.000000,0,0,0,0,,0,0,0,0,,0,0,0,0
17 legendre_formula_-10000000000000000.0000000_10000000000000000.000000,1.35E-08,1.35E-08,1.35E-08,1.35E-08,,1.35E-08,1.35E-08,1.35E-08,1.35E-08,,0,0,0,0
1 legendre_formula_-10000000000000000.0000000_10000000000000000.000000,2.43E-08,-2.43E-08,-2.43E-08,2.43E-08,,2.43E-08,-2.43E-08,-2.43E-08,2.43E-08,,0,0,0,0
2 legendre_formula_-10000000000000000.0000000_10000000000000000.000000,0,0,0,0,,0,0,0,0,,0,0,0,0
3 legendre_formula_-10000000000000000.0000000_10000000000000000.000000,0,0,0,0,,0,0,0,0,,0,0,0,0
4 legendre_formula_-10000000000000000.0000000_10000000000000000.000000,0,0,0,0,,0,0,0,0,,0,0,0,0
5 legendre_formula_-10000000000000000.0000000_10000000000000000.000000,0,0,0,0,,0,0,0,0,,0,0,0,0
6 legendre_formula_-10000000000000000.0000000_10000000000000000.000000,0,0,0,0,,0,0,0,0,,0,0,0,0
7 legendre_formula_-10000000000000000.0000000_10000000000000000.000000,0,0,0,0,,0,0,0,0,,0,0,0,0
8 legendre_formula_-10000000000000000.0000000_10000000000000000.000000,0,0,0,0,,0,0,0,0,,0,0,0,0
9 legendre_formula_-10000000000000000.0000000_10000000000000000.000000,9.2E-09,-9.2E-09,-9.2E-09,9.2E-09,,9.2E-09,-9.2E-09,-9.2E-09,9.2E-09,,0,0,0,0
,Average Error,Error LB,Error UB,Abs. Worst,,Average Error,Error LB,Error UB,Abs. Worst,,#VALUE!,#VALUE!,#VALUE!,#VALUE!
0 legendre_formula_-1000000000000000.0000000_1000000000000000.000000,0,0,0,0,,0,0,0,0,,0,0,0,0
12 legendre_formula_-1000000000000000.0000000_1000000000000000.000000,0,0,0,0,,0,0,0,0,,0,0,0,0
14 legendre_formula_-1000000000000000.0000000_1000000000000000.000000,0,0,0,0,,0,0,0,0,,0,0,0,0
16 legendre_formula_-1000000000000000.0000000_1000000000000000.000000,0,0,0,0,,0,0,0,0,,0,0,0,0
17 legendre_formula_-1000000000000000.0000000_1000000000000000.000000,1.35E-08,1.35E-08,1.35E-08,1.35E-08,,1.35E-08,1.35E-08,1.35E-08,1.35E-08,,0,0,0,0
2 legendre_formula_-1000000000000000.0000000_1000000000000000.000000,0,0,0,0,,0,0,0,0,,0,0,0,0
3 legendre_formula_-1000000000000000.0000000_1000000000000000.000000,0,0,0,0,,0,0,0,0,,0,0,0,0
4 legendre_formula_-1000000000000000.0000000_1000000000000000.000000,0,0,0,0,,0,0,0,0,,0,0,0,0
5 legendre_formula_-1000000000000000.0000000_1000000000000000.000000,0,0,0,0,,0,0,0,0,,0,0,0,0
7 legendre_formula_-1000000000000000.0000000_1000000000000000.000000,0,0,0,0,,0,0,0,0,,0,0,0,0
8 legendre_formula_-1000000000000000.0000000_1000000000000000.000000,0,0,0,0,,0,0,0,0,,0,0,0,0
9 legendre_formula_-1000000000000000.0000000_1000000000000000.000000,9.2E-09,-9.2E-09,-9.2E-09,9.2E-09,,9.2E-09,-9.2E-09,-9.2E-09,9.2E-09,,0,0,0,0
,Average Error,Error LB,Error UB,Abs. Worst,,Average Error,Error LB,Error UB,Abs. Worst,,#VALUE!,#VALUE!,#VALUE!,#VALUE!
10 legendre_formula_-100000000000000.0000000_100000000000000.000000,0,0,0,0,,0,0,0,0,,0,0,0,0
16 legendre_formula_-100000000000000.0000000_100000000000000.000000,0,0,0,0,,0,0,0,0,,0,0,0,0
1 legendre_formula_-100000000000000.0000000_100000000000000.000000,2.43E-08,-2.43E-08,-2.43E-08,2.43E-08,,2.43E-08,-2.43E-08,-2.43E-08,2.43E-08,,0,0,0,0
2 legendre_formula_-100000000000000.0000000_100000000000000.000000,0,0,0,0,,0,0,0,0,,0,0,0,0
3 legendre_formula_-100000000000000.0000000_100000000000000.000000,0,0,0,0,,0,0,0,0,,0,0,0,0
4 legendre_formula_-100000000000000.0000000_100000000000000.000000,0,0,0,0,,0,0,0,0,,0,0,0,0
5 legendre_formula_-100000000000000.0000000_100000000000000.000000,0,0,0,0,,0,0,0,0,,0,0,0,0
6 legendre_formula_-100000000000000.0000000_100000000000000.000000,0,0,0,0,,0,0,0,0,,0,0,0,0
,Average Error,Error LB,Error UB,Abs. Worst,,Average Error,Error LB,Error UB,Abs. Worst,,#VALUE!,#VALUE!,#VALUE!,#VALUE!
0 legendre_formula_-10000000000000.0000000_10000000000000.000000,0,0,0,0,,0,0,0,0,,0,0,0,0
12 legendre_formula_-10000000000000.0000000_10000000000000.000000,0,0,0,0,,0,0,0,0,,0,0,0,0
13 legendre_formula_-10000000000000.0000000_10000000000000.000000,4.9E-09,-4.9E-09,-4.9E-09,4.9E-09,,4.9E-09,-4.9E-09,-4.9E-09,4.9E-09,,0,0,0,0
15 legendre_formula_-10000000000000.0000000_10000000000000.000000,1.28E-08,1.28E-08,1.28E-08,1.28E-08,,1.28E-08,1.28E-08,1.28E-08,1.28E-08,,0,0,0,0
17 legendre_formula_-10000000000000.0000000_10000000000000.000000,1.35E-08,1.35E-08,1.35E-08,1.35E-08,,1.35E-08,1.35E-08,1.35E-08,1.35E-08,,0,0,0,0
1 legendre_formula_-10000000000000.0000000_10000000000000.000000,2.43E-08,-2.43E-08,-2.43E-08,2.43E-08,,2.43E-08,-2.43E-08,-2.43E-08,2.43E-08,,0,0,0,0
2 legendre_formula_-10000000000000.0000000_10000000000000.000000,0,0,0,0,,0,0,0,0,,0,0,0,0
3 legendre_formula_-10000000000000.0000000_10000000000000.000000,0,0,0,0,,0,0,0,0,,0,0,0,0
4 legendre_formula_-10000000000000.0000000_10000000000000.000000,0,0,0,0,,0,0,0,0,,0,0,0,0
5 legendre_formula_-10000000000000.0000000_10000000000000.000000,0,0,0,0,,0,0,0,0,,0,0,0,0
8 legendre_formula_-10000000000000.0000000_10000000000000.000000,0,0,0,0,,0,0,0,0,,0,0,0,0
9 legendre_formula_-10000000000000.0000000_10000000000000.000000,9.2E-09,-9.2E-09,-9.2E-09,9.2E-09,,9.2E-09,-9.2E-09,-9.2E-09,9.2E-09,,0,0,0,0
,Average Error,Error LB,Error UB,Abs. Worst,,Average Error,Error LB,Error UB,Abs. Worst,,#VALUE!,#VALUE!,#VALUE!,#VALUE!
10 legendre_formula_-1000000000000.0000000_1000000000000.000000,0,0,0,0,,0,0,0,0,,0,0,0,0
11 legendre_formula_-1000000000000.0000000_1000000000000.000000,1.36E-08,-1.36E-08,-1.36E-08,1.36E-08,,1.36E-08,-1.36E-08,-1.36E-08,1.36E-08,,0,0,0,0
12 legendre_formula_-1000000000000.0000000_1000000000000.000000,0,0,0,0,,0,0,0,0,,0,0,0,0
13 legendre_formula_-1000000000000.0000000_1000000000000.000000,4.9E-09,-4.9E-09,-4.9E-09,4.9E-09,,4.9E-09,-4.9E-09,-4.9E-09,4.9E-09,,0,0,0,0
14 legendre_formula_-1000000000000.0000000_1000000000000.000000,0,0,0,0,,0,0,0,0,,0,0,0,0
15 legendre_formula_-1000000000000.0000000_1000000000000.000000,1.28E-08,1.28E-08,1.28E-08,1.28E-08,,1.28E-08,1.28E-08,1.28E-08,1.28E-08,,0,0,0,0
16 legendre_formula_-1000000000000.0000000_1000000000000.000000,0,0,0,0,,0,0,0,0,,0,0,0,0
17 legendre_formula_-1000000000000.0000000_1000000000000.000000,1.35E-08,1.35E-08,1.35E-08,1.35E-08,,1.35E-08,1.35E-08,1.35E-08,1.35E-08,,0,0,0,0
1 legendre_formula_-1000000000000.0000000_1000000000000.000000,2.43E-08,-2.43E-08,-2.43E-08,2.43E-08,,2.43E-08,-2.43E-08,-2.43E-08,2.43E-08,,0,0,0,0
2 legendre_formula_-1000000000000.0000000_1000000000000.000000,0,0,0,0,,0,0,0,0,,0,0,0,0
3 legendre_formula_-1000000000000.0000000_1000000000000.000000,0,0,0,0,,0,0,0,0,,0,0,0,0
4 legendre_formula_-1000000000000.0000000_1000000000000.000000,0,0,0,0,,0,0,0,0,,0,0,0,0
5 legendre_formula_-1000000000000.0000000_1000000000000.000000,0,0,0,0,,0,0,0,0,,0,0,0,0
6 legendre_formula_-1000000000000.0000000_1000000000000.000000,0,0,0,0,,0,0,0,0,,0,0,0,0
7 legendre_formula_-1000000000000.0000000_1000000000000.000000,0,0,0,0,,0,0,0,0,,0,0,0,0
8 legendre_formula_-1000000000000.0000000_1000000000000.000000,0,0,0,0,,0,0,0,0,,0,0,0,0
9 legendre_formula_-1000000000000.0000000_1000000000000.000000,9.2E-09,-9.2E-09,-9.2E-09,9.2E-09,,9.2E-09,-9.2E-09,-9.2E-09,9.2E-09,,0,0,0,0
,Average Error,Error LB,Error UB,Abs. Worst,,Average Error,Error LB,Error UB,Abs. Worst,,#VALUE!,#VALUE!,#VALUE!,#VALUE!
0 legendre_formula_-100000000000.0000000_100000000000.000000,0,0,0,0,,0,0,0,0,,0,0,0,0
10 legendre_formula_-100000000000.0000000_100000000000.000000,0,0,0,0,,0,0,0,0,,0,0,0,0
11 legendre_formula_-100000000000.0000000_100000000000.000000,1.36E-08,-1.36E-08,-1.36E-08,1.36E-08,,1.36E-08,-1.36E-08,-1.36E-08,1.36E-08,,0,0,0,0
12 legendre_formula_-100000000000.0000000_100000000000.000000,0,0,0,0,,0,0,0,0,,0,0,0,0
15 legendre_formula_-100000000000.0000000_100000000000.000000,1.28E-08,1.28E-08,1.28E-08,1.28E-08,,1.28E-08,1.28E-08,1.28E-08,1.28E-08,,0,0,0,0
16 legendre_formula_-100000000000.0000000_100000000000.000000,0,0,0,0,,0,0,0,0,,0,0,0,0
17 legendre_formula_-100000000000.0000000_100000000000.000000,1.35E-08,1.35E-08,1.35E-08,1.35E-08,,1.35E-08,1.35E-08,1.35E-08,1.35E-08,,0,0,0,0
1 legendre_formula_-100000000000.0000000_100000000000.000000,2.43E-08,-2.43E-08,-2.43E-08,2.43E-08,,2.43E-08,-2.43E-08,-2.43E-08,2.43E-08,,0,0,0,0
3 legendre_formula_-100000000000.0000000_100000000000.000000,0,0,0,0,,0,0,0,0,,0,0,0,0
4 legendre_formula_-100000000000.0000000_100000000000.000000,0,0,0,0,,0,0,0,0,,0,0,0,0
8 legendre_formula_-100000000000.0000000_100000000000.000000,0,0,0,0,,0,0,0,0,,0,0,0,0
,Average Error,Error LB,Error UB,Abs. Worst,,Average Error,Error LB,Error UB,Abs. Worst,,#VALUE!,#VALUE!,#VALUE!,#VALUE!
0 legendre_formula_-10000000000.0000000_10000000000.000000,0,0,0,0,,0,0,0,0,,0,0,0,0
10 legendre_formula_-10000000000.0000000_10000000000.000000,0,0,0,0,,0,0,0,0,,0,0,0,0
11 legendre_formula_-10000000000.0000000_10000000000.000000,1.36E-08,-1.36E-08,-1.36E-08,1.36E-08,,1.36E-08,-1.36E-08,-1.36E-08,1.36E-08,,0,0,0,0
12 legendre_formula_-10000000000.0000000_10000000000.000000,0,0,0,0,,0,0,0,0,,0,0,0,0
13 legendre_formula_-10000000000.0000000_10000000000.000000,4.9E-09,-4.9E-09,-4.9E-09,4.9E-09,,4.9E-09,-4.9E-09,-4.9E-09,4.9E-09,,0,0,0,0
14 legendre_formula_-10000000000.0000000_10000000000.000000,0,0,0,0,,0,0,0,0,,0,0,0,0
15 legendre_formula_-10000000000.0000000_10000000000.000000,1.28E-08,1.28E-08,1.28E-08,1.28E-08,,1.28E-08,1.28E-08,1.28E-08,1.28E-08,,0,0,0,0
16 legendre_formula_-10000000000.0000000_10000000000.000000,0,0,0,0,,0,0,0,0,,0,0,0,0
17 legendre_formula_-10000000000.0000000_10000000000.000000,1.35E-08,1.35E-08,1.35E-08,1.35E-08,,1.35E-08,1.35E-08,1.35E-08,1.35E-08,,0,0,0,0
1 legendre_formula_-10000000000.0000000_10000000000.000000,2.43E-08,-2.43E-08,-2.43E-08,2.43E-08,,2.43E-08,-2.43E-08,-2.43E-08,2.43E-08,,0,0,0,0
2 legendre_formula_-10000000000.0000000_10000000000.000000,0,0,0,0,,0,0,0,0,,0,0,0,0
3 legendre_formula_-10000000000.0000000_10000000000.000000,0,0,0,0,,0,0,0,0,,0,0,0,0
4 legendre_formula_-10000000000.0000000_10000000000.000000,0,0,0,0,,0,0,0,0,,0,0,0,0
5 legendre_formula_-10000000000.0000000_10000000000.000000,0,0,0,0,,0,0,0,0,,0,0,0,0
6 legendre_formula_-10000000000.0000000_10000000000.000000,0,0,0,0,,0,0,0,0,,0,0,0,0
7 legendre_formula_-10000000000.0000000_10000000000.000000,0,0,0,0,,0,0,0,0,,0,0,0,0
8 legendre_formula_-10000000000.0000000_10000000000.000000,0,0,0,0,,0,0,0,0,,0,0,0,0
,Average Error,Error LB,Error UB,Abs. Worst,,Average Error,Error LB,Error UB,Abs. Worst,,#VALUE!,#VALUE!,#VALUE!,#VALUE!
0 legendre_formula_-1000000000.0000000_1000000000.000000,0,0,0,0,,0,0,0,0,,0,0,0,0
11 legendre_formula_-1000000000.0000000_1000000000.000000,1.36E-08,-1.36E-08,-1.36E-08,1.36E-08,,1.36E-08,-1.36E-08,-1.36E-08,1.36E-08,,0,0,0,0
12 legendre_formula_-1000000000.0000000_1000000000.000000,0,0,0,0,,0,0,0,0,,0,0,0,0
13 legendre_formula_-1000000000.0000000_1000000000.000000,4.9E-09,-4.9E-09,-4.9E-09,4.9E-09,,4.9E-09,-4.9E-09,-4.9E-09,4.9E-09,,0,0,0,0
14 legendre_formula_-1000000000.0000000_1000000000.000000,0,0,0,0,,0,0,0,0,,0,0,0,0
15 legendre_formula_-1000000000.0000000_1000000000.000000,1.28E-08,1.28E-08,1.28E-08,1.28E-08,,1.28E-08,1.28E-08,1.28E-08,1.28E-08,,0,0,0,0
16 legendre_formula_-1000000000.0000000_1000000000.000000,0,0,0,0,,0,0,0,0,,0,0,0,0
2 legendre_formula_-1000000000.0000000_1000000000.000000,0,0,0,0,,0,0,0,0,,0,0,0,0
3 legendre_formula_-1000000000.0000000_1000000000.000000,0,0,0,0,,0,0,0,0,,0,0,0,0
4 legendre_formula_-1000000000.0000000_1000000000.000000,0,0,0,0,,0,0,0,0,,0,0,0,0
5 legendre_formula_-1000000000.0000000_1000000000.000000,0,0,0,0,,0,0,0,0,,0,0,0,0
6 legendre_formula_-1000000000.0000000_1000000000.000000,0,0,0,0,,0,0,0,0,,0,0,0,0
7 legendre_formula_-1000000000.0000000_1000000000.000000,0,0,0,0,,0,0,0,0,,0,0,0,0
8 legendre_formula_-1000000000.0000000_1000000000.000000,0,0,0,0,,0,0,0,0,,0,0,0,0
9 legendre_formula_-1000000000.0000000_1000000000.000000,9.2E-09,-9.2E-09,-9.2E-09,9.2E-09,,9.2E-09,-9.2E-09,-9.2E-09,9.2E-09,,0,0,0,0
,Average Error,Error LB,Error UB,Abs. Worst,,Average Error,Error LB,Error UB,Abs. Worst,,#VALUE!,#VALUE!,#VALUE!,#VALUE!
0 legendre_formula_-10000000.0000000_100000000.000000,0,0,0,0,,0,0,0,0,,0,0,0,0
10 legendre_formula_-10000000.0000000_100000000.000000,0,0,0,0,,0,0,0,0,,0,0,0,0
11 legendre_formula_-10000000.0000000_100000000.000000,1.36E-08,-1.36E-08,-1.36E-08,1.36E-08,,1.36E-08,-1.36E-08,-1.36E-08,1.36E-08,,0,0,0,0
12 legendre_formula_-10000000.0000000_100000000.000000,0,0,0,0,,0,0,0,0,,0,0,0,0
14 legendre_formula_-10000000.0000000_100000000.000000,0,0,0,0,,0,0,0,0,,0,0,0,0
16 legendre_formula_-10000000.0000000_100000000.000000,0,0,0,0,,0,0,0,0,,0,0,0,0
1 legendre_formula_-10000000.0000000_100000000.000000,2.43E-08,-2.43E-08,-2.43E-08,2.43E-08,,2.43E-08,-2.43E-08,-2.43E-08,2.43E-08,,0,0,0,0
2 legendre_formula_-10000000.0000000_100000000.000000,0,0,0,0,,0,0,0,0,,0,0,0,0
6 legendre_formula_-10000000.0000000_100000000.000000,0,0,0,0,,0,0,0,0,,0,0,0,0
7 legendre_formula_-10000000.0000000_100000000.000000,0,0,0,0,,0,0,0,0,,0,0,0,0
9 legendre_formula_-10000000.0000000_100000000.000000,9.2E-09,-9.2E-09,-9.2E-09,9.2E-09,,9.2E-09,-9.2E-09,-9.2E-09,9.2E-09,,0,0,0,0
,Average Error,Error LB,Error UB,Abs. Worst,,Average Error,Error LB,Error UB,Abs. Worst,,#VALUE!,#VALUE!,#VALUE!,#VALUE!
0 legendre_formula_-1000000.0000000_10000000.000000,0,0,0,0,,0,0,0,0,,0,0,0,0
12 legendre_formula_-1000000.0000000_10000000.000000,0,0,0,0,,0,0,0,0,,0,0,0,0
14 legendre_formula_-1000000.0000000_10000000.000000,0,0,0,0,,0,0,0,0,,0,0,0,0
15 legendre_formula_-1000000.0000000_10000000.000000,1.28E-08,1.28E-08,1.28E-08,1.28E-08,,1.28E-08,1.28E-08,1.28E-08,1.28E-08,,0,0,0,0
16 legendre_formula_-1000000.0000000_10000000.000000,0,0,0,0,,0,0,0,0,,0,0,0,0
17 legendre_formula_-1000000.0000000_10000000.000000,1.35E-08,1.35E-08,1.35E-08,1.35E-08,,1.35E-08,1.35E-08,1.35E-08,1.35E-08,,0,0,0,0
1 legendre_formula_-1000000.0000000_10000000.000000,2.43E-08,-2.43E-08,-2.43E-08,2.43E-08,,2.43E-08,-2.43E-08,-2.43E-08,2.43E-08,,0,0,0,0
2 legendre_formula_-1000000.0000000_10000000.000000,0,0,0,0,,0,0,0,0,,0,0,0,0
3 legendre_formula_-1000000.0000000_10000000.000000,0,0,0,0,,0,0,0,0,,0,0,0,0
4 legendre_formula_-1000000.0000000_10000000.000000,0,0,0,0,,0,0,0,0,,0,0,0,0
5 legendre_formula_-1000000.0000000_10000000.000000,0,0,0,0,,0,0,0,0,,0,0,0,0
,Average Error,Error LB,Error UB,Abs. Worst,,Average Error,Error LB,Error UB,Abs. Worst,,#VALUE!,#VALUE!,#VALUE!,#VALUE!
0 legendre_formula_-100000.0000000_1000000.000000,0,0,0,0,,0,0,0,0,,0,0,0,0
12 legendre_formula_-100000.0000000_1000000.000000,0,0,0,0,,0,0,0,0,,0,0,0,0
14 legendre_formula_-100000.0000000_1000000.000000,0,0,0,0,,0,0,0,0,,0,0,0,0
15 legendre_formula_-100000.0000000_1000000.000000,1.28E-08,1.28E-08,1.28E-08,1.28E-08,,1.28E-08,1.28E-08,1.28E-08,1.28E-08,,0,0,0,0
16 legendre_formula_-100000.0000000_1000000.000000,0,0,0,0,,0,0,0,0,,0,0,0,0
17 legendre_formula_-100000.0000000_1000000.000000,1.35E-08,1.35E-08,1.35E-08,1.35E-08,,1.35E-08,1.35E-08,1.35E-08,1.35E-08,,0,0,0,0
1 legendre_formula_-100000.0000000_1000000.000000,2.43E-08,-2.43E-08,-2.43E-08,2.43E-08,,2.43E-08,-2.43E-08,-2.43E-08,2.43E-08,,0,0,0,0
5 legendre_formula_-100000.0000000_1000000.000000,0,0,0,0,,0,0,0,0,,0,0,0,0
8 legendre_formula_-100000.0000000_1000000.000000,0,0,0,0,,0,0,0,0,,0,0,0,0
9 legendre_formula_-100000.0000000_1000000.000000,9.2E-09,-9.2E-09,-9.2E-09,9.2E-09,,9.2E-09,-9.2E-09,-9.2E-09,9.2E-09,,0,0,0,0
,Average Error,Error LB,Error UB,Abs. Worst,,Average Error,Error LB,Error UB,Abs. Worst,,#VALUE!,#VALUE!,#VALUE!,#VALUE!
0 legendre_formula_-10000.0000000_100000.000000,0,0,0,0,,0,0,0,0,,0,0,0,0
10 legendre_formula_-10000.0000000_100000.000000,0,0,0,0,,0,0,0,0,,0,0,0,0
11 legendre_formula_-10000.0000000_100000.000000,1.36E-08,-1.36E-08,-1.36E-08,1.36E-08,,1.36E-08,-1.36E-08,-1.36E-08,1.36E-08,,0,0,0,0
12 legendre_formula_-10000.0000000_100000.000000,0,0,0,0,,0,0,0,0,,0,0,0,0
13 legendre_formula_-10000.0000000_100000.000000,4.9E-09,-4.9E-09,-4.9E-09,4.9E-09,,4.9E-09,-4.9E-09,-4.9E-09,4.9E-09,,0,0,0,0
14 legendre_formula_-10000.0000000_100000.000000,0,0,0,0,,0,0,0,0,,0,0,0,0
15 legendre_formula_-10000.0000000_100000.000000,1.28E-08,1.28E-08,1.28E-08,1.28E-08,,1.28E-08,1.28E-08,1.28E-08,1.28E-08,,0,0,0,0
16 legendre_formula_-10000.0000000_100000.000000,0,0,0,0,,0,0,0,0,,0,0,0,0
17 legendre_formula_-10000.0000000_100000.000000,1.35E-08,1.35E-08,1.35E-08,1.35E-08,,1.35E-08,1.35E-08,1.35E-08,1.35E-08,,0,0,0,0
3 legendre_formula_-10000.0000000_100000.000000,0,0,0,0,,0,0,0,0,,0,0,0,0
4 legendre_formula_-10000.0000000_100000.000000,0,0,0,0,,0,0,0,0,,0,0,0,0
6 legendre_formula_-10000.0000000_100000.000000,0,0,0,0,,0,0,0,0,,0,0,0,0
,Average Error,Error LB,Error UB,Abs. Worst,,Average Error,Error LB,Error UB,Abs. Worst,,#VALUE!,#VALUE!,#VALUE!,#VALUE!
0 legendre_formula_-10000.000000_10000.000000,0,0,0,0,,0,0,0,0,,0,0,0,0
10 legendre_formula_-10000.000000_10000.000000,0,0,0,0,,0,0,0,0,,0,0,0,0
11 legendre_formula_-10000.000000_10000.000000,1.36E-08,-1.36E-08,-1.36E-08,1.36E-08,,1.36E-08,-1.36E-08,-1.36E-08,1.36E-08,,0,0,0,0
13 legendre_formula_-10000.000000_10000.000000,4.9E-09,-4.9E-09,-4.9E-09,4.9E-09,,4.9E-09,-4.9E-09,-4.9E-09,4.9E-09,,0,0,0,0
14 legendre_formula_-10000.000000_10000.000000,0,0,0,0,,0,0,0,0,,0,0,0,0
15 legendre_formula_-10000.000000_10000.000000,1.28E-08,1.28E-08,1.28E-08,1.28E-08,,1.28E-08,1.28E-08,1.28E-08,1.28E-08,,0,0,0,0
16 legendre_formula_-10000.000000_10000.000000,0,0,0,0,,0,0,0,0,,0,0,0,0
17 legendre_formula_-10000.000000_10000.000000,1.35E-08,1.35E-08,1.35E-08,1.35E-08,,1.35E-08,1.35E-08,1.35E-08,1.35E-08,,0,0,0,0
1 legendre_formula_-10000.000000_10000.000000,2.43E-08,-2.43E-08,-2.43E-08,2.43E-08,,2.43E-08,-2.43E-08,-2.43E-08,2.43E-08,,0,0,0,0
2 legendre_formula_-10000.000000_10000.000000,0,0,0,0,,0,0,0,0,,0,0,0,0
3 legendre_formula_-10000.000000_10000.000000,0,0,0,0,,0,0,0,0,,0,0,0,0
8 legendre_formula_-10000.000000_10000.000000,0,0,0,0,,0,0,0,0,,0,0,0,0
9 legendre_formula_-10000.000000_10000.000000,9.2E-09,-9.2E-09,-9.2E-09,9.2E-09,,9.2E-09,-9.2E-09,-9.2E-09,9.2E-09,,0,0,0,0
,Average Error,Error LB,Error UB,Abs. Worst,,Average Error,Error LB,Error UB,Abs. Worst,,#VALUE!,#VALUE!,#VALUE!,#VALUE!
0 legendre_formula_-1000.000000_1000.000000,0,0,0,0,,0,0,0,0,,0,0,0,0
10 legendre_formula_-1000.000000_1000.000000,0,0,0,0,,0,0,0,0,,0,0,0,0
11 legendre_formula_-1000.000000_1000.000000,1.36E-08,-1.36E-08,-1.36E-08,1.36E-08,,1.36E-08,-1.36E-08,-1.36E-08,1.36E-08,,0,0,0,0
12 legendre_formula_-1000.000000_1000.000000,0,0,0,0,,0,0,0,0,,0,0,0,0
13 legendre_formula_-1000.000000_1000.000000,4.9E-09,-4.9E-09,-4.9E-09,4.9E-09,,4.9E-09,-4.9E-09,-4.9E-09,4.9E-09,,0,0,0,0
14 legendre_formula_-1000.000000_1000.000000,0,0,0,0,,0,0,0,0,,0,0,0,0
15 legendre_formula_-1000.000000_1000.000000,1.28E-08,1.28E-08,1.28E-08,1.28E-08,,1.28E-08,1.28E-08,1.28E-08,1.28E-08,,0,0,0,0
16 legendre_formula_-1000.000000_1000.000000,0,0,0,0,,0,0,0,0,,0,0,0,0
17 legendre_formula_-1000.000000_1000.000000,1.35E-08,1.35E-08,1.35E-08,1.35E-08,,1.35E-08,1.35E-08,1.35E-08,1.35E-08,,0,0,0,0
1 legendre_formula_-1000.000000_1000.000000,2.43E-08,-2.43E-08,-2.43E-08,2.43E-08,,2.43E-08,-2.43E-08,-2.43E-08,2.43E-08,,0,0,0,0
2 legendre_formula_-1000.000000_1000.000000,0,0,0,0,,0,0,0,0,,0,0,0,0
3 legendre_formula_-1000.000000_1000.000000,0,0,0,0,,0,0,0,0,,0,0,0,0
4 legendre_formula_-1000.000000_1000.000000,0,0,0,0,,0,0,0,0,,0,0,0,0
5 legendre_formula_-1000.000000_1000.000000,0,0,0,0,,0,0,0,0,,0,0,0,0
8 legendre_formula_-1000.000000_1000.000000,0,0,0,0,,0,0,0,0,,0,0,0,0
,Average Error,Error LB,Error UB,Abs. Worst,,Average Error,Error LB,Error UB,Abs. Worst,,#VALUE!,#VALUE!,#VALUE!,#VALUE!
0 legendre_formula_-100.000000_100.000000,0,0,0,0,,0,0,0,0,,0,0,0,0
10 legendre_formula_-100.000000_100.000000,0,0,0,0,,0,0,0,0,,0,0,0,0
12 legendre_formula_-100.000000_100.000000,0,0,0,0,,0,0,0,0,,0,0,0,0
13 legendre_formula_-100.000000_100.000000,4.9E-09,-4.9E-09,-4.9E-09,4.9E-09,,4.9E-09,-4.9E-09,-4.9E-09,4.9E-09,,0,0,0,0
14 legendre_formula_-100.000000_100.000000,0,0,0,0,,0,0,0,0,,0,0,0,0
15 legendre_formula_-100.000000_100.000000,1.28E-08,1.28E-08,1.28E-08,1.28E-08,,1.28E-08,1.28E-08,1.28E-08,1.28E-08,,0,0,0,0
17 legendre_formula_-100.000000_100.000000,1.35E-08,1.35E-08,1.35E-08,1.35E-08,,1.35E-08,1.35E-08,1.35E-08,1.35E-08,,0,0,0,0
1 legendre_formula_-100.000000_100.000000,2.43E-08,-2.43E-08,-2.43E-08,2.43E-08,,2.43E-08,-2.43E-08,-2.43E-08,2.43E-08,,0,0,0,0
4 legendre_formula_-100.000000_100.000000,0,0,0,0,,0,0,0,0,,0,0,0,0
5 legendre_formula_-100.000000_100.000000,0,0,0,0,,0,0,0,0,,0,0,0,0
6 legendre_formula_-100.000000_100.000000,0,0,0,0,,0,0,0,0,,0,0,0,0
7 legendre_formula_-100.000000_100.000000,0,0,0,0,,0,0,0,0,,0,0,0,0
8 legendre_formula_-100.000000_100.000000,0,0,0,0,,0,0,0,0,,0,0,0,0
9 legendre_formula_-100.000000_100.000000,9.2E-09,-9.2E-09,-9.2E-09,9.2E-09,,9.2E-09,-9.2E-09,-9.2E-09,9.2E-09,,0,0,0,0
,Average Error,Error LB,Error UB,Abs. Worst,,Average Error,Error LB,Error UB,Abs. Worst,,#VALUE!,#VALUE!,#VALUE!,#VALUE!
0 legendre_formula_-10.000000_10.000000,0,0,0,0,,0,0,0,0,,0,0,0,0
11 legendre_formula_-10.000000_10.000000,1.36E-08,-1.36E-08,-1.36E-08,1.36E-08,,1.36E-08,-1.36E-08,-1.36E-08,1.36E-08,,0,0,0,0
12 legendre_formula_-10.000000_10.000000,0,0,0,0,,0,0,0,0,,0,0,0,0
13 legendre_formula_-10.000000_10.000000,4.9E-09,-4.9E-09,-4.9E-09,4.9E-09,,4.9E-09,-4.9E-09,-4.9E-09,4.9E-09,,0,0,0,0
14 legendre_formula_-10.000000_10.000000,0,0,0,0,,0,0,0,0,,0,0,0,0
15 legendre_formula_-10.000000_10.000000,1.28E-08,1.28E-08,1.28E-08,1.28E-08,,1.28E-08,1.28E-08,1.28E-08,1.28E-08,,0,0,0,0
16 legendre_formula_-10.000000_10.000000,0,0,0,0,,0,0,0,0,,0,0,0,0
17 legendre_formula_-10.000000_10.000000,1.35E-08,1.35E-08,1.35E-08,1.35E-08,,1.35E-08,1.35E-08,1.35E-08,1.35E-08,,0,0,0,0
1 legendre_formula_-10.000000_10.000000,2.43E-08,-2.43E-08,-2.43E-08,2.43E-08,,2.43E-08,-2.43E-08,-2.43E-08,2.43E-08,,0,0,0,0
2 legendre_formula_-10.000000_10.000000,0,0,0,0,,0,0,0,0,,0,0,0,0
3 legendre_formula_-10.000000_10.000000,0,0,0,0,,0,0,0,0,,0,0,0,0
5 legendre_formula_-10.000000_10.000000,0,0,0,0,,0,0,0,0,,0,0,0,0
8 legendre_formula_-10.000000_10.000000,0,0,0,0,,0,0,0,0,,0,0,0,0
9 legendre_formula_-10.000000_10.000000,9.2E-09,-9.2E-09,-9.2E-09,9.2E-09,,9.2E-09,-9.2E-09,-9.2E-09,9.2E-09,,0,0,0,0
,Average Error,Error LB,Error UB,Abs. Worst,,Average Error,Error LB,Error UB,Abs. Worst,,#VALUE!,#VALUE!,#VALUE!,#VALUE!
0 legendre_formula_-1.000000_1.000000,0,0,0,0,,0,0,0,0,,0,0,0,0
10 legendre_formula_-1.000000_1.000000,8.7E-09,8.7E-09,8.7E-09,8.7E-09,,8.7E-09,8.7E-09,8.7E-09,8.7E-09,,0,0,0,0
11 legendre_formula_-1.000000_1.000000,0,0,0,0,,0,0,0,0,,0,0,0,0
12 legendre_formula_-1.000000_1.000000,8.6E-09,8.6E-09,8.6E-09,8.6E-09,,8.6E-09,8.6E-09,8.6E-09,8.6E-09,,0,0,0,0
13 legendre_formula_-1.000000_1.000000,0,0,0,0,,0,0,0,0,,0,0,0,0
14 legendre_formula_-1.000000_1.000000,4.62E-08,4.62E-08,4.62E-08,4.62E-08,,4.62E-08,4.62E-08,4.62E-08,4.62E-08,,0,0,0,0
15 legendre_formula_-1.000000_1.000000,0,0,0,0,,0,0,0,0,,0,0,0,0
16 legendre_formula_-1.000000_1.000000,0,0,0,0,,0,0,0,0,,0,0,0,0
17 legendre_formula_-1.000000_1.000000,3.22E-08,-3.22E-08,-3.22E-08,3.22E-08,,3.22E-08,-3.22E-08,-3.22E-08,3.22E-08,,0,0,0,0
18 legendre_formula_-1.000000_1.000000,0,0,0,0,,0,0,0,0,,0,0,0,0
19 legendre_formula_-1.000000_1.000000,3.51E-08,-3.51E-08,-3.51E-08,3.51E-08,,3.51E-08,-3.51E-08,-3.51E-08,3.51E-08,,0,0,0,0
20 legendre_formula_-1.000000_1.000000,0,0,0,0,,0,0,0,0,,0,0,0,0
21 legendre_formula_-1.000000_1.000000,4.75E-08,-4.75E-08,-4.75E-08,4.75E-08,,4.75E-08,-4.75E-08,-4.75E-08,4.75E-08,,0,0,0,0
22 legendre_formula_-1.000000_1.000000,0,0,0,0,,0,0,0,0,,0,0,0,0
23 legendre_formula_-1.000000_1.000000,5.14E-08,-5.14E-08,-5.14E-08,5.14E-08,,5.14E-08,-5.14E-08,-5.14E-08,5.14E-08,,0,0,0,0
24 legendre_formula_-1.000000_1.000000,0,0,0,0,,0,0,0,0,,0,0,0,0
25 legendre_formula_-1.000000_1.000000,7.3E-09,7.3E-09,7.3E-09,7.3E-09,,7.3E-09,7.3E-09,7.3E-09,7.3E-09,,0,0,0,0
27 legendre_formula_-1.000000_1.000000,0,0,0,0,,0,0,0,0,,0,0,0,0
28 legendre_formula_-1.000000_1.000000,2.89E-08,2.89E-08,2.89E-08,2.89E-08,,2.89E-08,2.89E-08,2.89E-08,2.89E-08,,0,0,0,0
29 legendre_formula_-1.000000_1.000000,0,0,0,0,,0,0,0,0,,0,0,0,0
30 legendre_formula_-1.000000_1.000000,1.43E-08,1.43E-08,1.43E-08,1.43E-08,,1.43E-08,1.43E-08,1.43E-08,1.43E-08,,0,0,0,0
31 legendre_formula_-1.000000_1.000000,0,0,0,0,,0,0,0,0,,0,0,0,0
32 legendre_formula_-1.000000_1.000000,2.78E-08,-2.78E-08,-2.78E-08,2.78E-08,,2.78E-08,-2.78E-08,-2.78E-08,2.78E-08,,0,0,0,0
34 legendre_formula_-1.000000_1.000000,3.38E-08,3.38E-08,3.38E-08,3.38E-08,,3.38E-08,3.38E-08,3.38E-08,3.38E-08,,0,0,0,0
35 legendre_formula_-1.000000_1.000000,0,0,0,0,,0,0,0,0,,0,0,0,0
36 legendre_formula_-1.000000_1.000000,4.14E-08,-4.14E-08,-4.14E-08,4.14E-08,,4.14E-08,-4.14E-08,-4.14E-08,4.14E-08,,0,0,0,0
38 legendre_formula_-1.000000_1.000000,0,0,0,0,,0,0,0,0,,0,0,0,0
39 legendre_formula_-1.000000_1.000000,9.2E-09,-9.2E-09,-9.2E-09,9.2E-09,,9.2E-09,-9.2E-09,-9.2E-09,9.2E-09,,0,0,0,0
41 legendre_formula_-1.000000_1.000000,1.36E-08,-1.36E-08,-1.36E-08,1.36E-08,,1.36E-08,-1.36E-08,-1.36E-08,1.36E-08,,0,0,0,0
42 legendre_formula_-1.000000_1.000000,0,0,0,0,,0,0,0,0,,0,0,0,0
43 legendre_formula_-1.000000_1.000000,4.9E-09,-4.9E-09,-4.9E-09,4.9E-09,,4.9E-09,-4.9E-09,-4.9E-09,4.9E-09,,0,0,0,0
45 legendre_formula_-1.000000_1.000000,1.28E-08,1.28E-08,1.28E-08,1.28E-08,,1.28E-08,1.28E-08,1.28E-08,1.28E-08,,0,0,0,0
47 legendre_formula_-1.000000_1.000000,1.35E-08,1.35E-08,1.35E-08,1.35E-08,,1.35E-08,1.35E-08,1.35E-08,1.35E-08,,0,0,0,0
5 legendre_formula_-1.000000_1.000000,0,0,0,0,,0,0,0,0,,0,0,0,0
6 legendre_formula_-1.000000_1.000000,2.89E-08,2.89E-08,2.89E-08,2.89E-08,,2.89E-08,2.89E-08,2.89E-08,2.89E-08,,0,0,0,0
7 legendre_formula_-1.000000_1.000000,0,0,0,0,,0,0,0,0,,0,0,0,0
8 legendre_formula_-1.000000_1.000000,0.000000003,-0.000000003,-0.000000003,0.000000003,,0.000000003,-0.000000003,-0.000000003,0.000000003,,0,0,0,0
9 legendre_formula_-1.000000_1.000000,0,0,0,0,,0,0,0,0,,0,0,0,0